1, 0.1, 2, 0.4
2, 43.0, 1, 1.7916666666666667
3, 10.1, 2, 0.4
4, 6.2, 2, 0.4
5, 85.5, 1, 3.5625
6, 108.2, 1, 3.9
7, 107.8, 1, 3.9
8, 108.3, 1, 3.9
9, 138.8, 1, 3.9
10, 138.5, 1, 3.9
11, 107.8, 1, 3.9
12, 108.7, 1, 3.9
13, 137.5, 1, 3.9
14, 138.5, 1, 3.9
15, 138.5, 1, 3.9
16, 109.2, 1, 3.9
17, 139.0, 1, 3.9
18, 109.2, 1, 3.9
1, 54.2, 1, 0.4
2, 46.7, 1, 0.4
3, 4.4, 2, 0.4
4, 42.4, 1, 0.4
5, 35.8, 1, 0.4
6, 30.0, 1, 0.4
7, 33.9, 1, 0.4
8, 25.2, 2, 0.4
9, 63.3, 1, 0.4
10, 56.2, 1, 0.4
11, 50.0, 1, 0.4
12, 45.0, 1, 0.4
13, 75.6, 1, 0.4
14, 66.8, 1, 0.4
15, 58.8, 1, 0.4
16, 50.3, 1, 0.4
17, 42.2, 1, 0.4
18, 98.1, 1, 0.4
19, 165.6, 1, 0.4
20, 63.5, 1, 0.4
21, 61.7, 1, 0.4
22, 64.0, 1, 0.4
23, 59.9, 1, 0.4
24, 58.2, 1, 0.4
25, 10.0, 2, 0.4
26, 9.5, 2, 0.4
27, 68.6, 1, 0.4
28, 61.2, 1, 0.4
29, 57.3, 1, 0.4
30, 49.0, 1, 0.4
31, 40.3, 1, 0.4
32, 158.1, 1, 0.4
33, 22.5, 2, 0.4
34, 85.4, 1, 0.4
35, 75.3, 1, 0.4
36, 73.0, 1, 0.4
37, 64.7, 1, 0.4
38, 51.7, 1, 0.4
39, 41.6, 1, 0.4
40, 34.8, 1, 0.4
41, 28.9, 2, 0.4
42, 57.6, 1, 0.4
43, 48.1, 1, 0.4
44, 40.2, 1, 0.4
45, 32.5, 1, 0.4
46, 22.4, 2, 0.4
47, 68.5, 1, 0.4
48, 60.1, 1, 0.4
49, 51.0, 1, 0.4
50, 43.3, 1, 0.4
51, 34.0, 1, 0.4
52, 24.8, 2, 0.4
53, 64.3, 1, 0.4
54, 55.2, 1, 0.4
55, 47.0, 1, 0.4
56, 39.5, 1, 0.4
57, 29.7, 2, 0.4
58, 83.1, 1, 0.4
59, 75.2, 1, 0.4
60, 67.0, 1, 0.4
61, 58.2, 1, 0.4
62, 49.1, 1, 0.4
63, 40.9, 1, 0.4
64, 32.4, 1, 0.4
65, 24.7, 2, 0.4
66, 35.5, 1, 0.4
67, 27.1, 2, 0.4
68, 101.9, 1, 0.4
69, 92.9, 1, 0.4
70, 82.9, 1, 0.4
71, 72.9, 1, 0.4
72, 62.9, 1, 0.4
73, 54.4, 1, 0.4
74, 33.0, 1, 0.4
75, 23.9, 2, 0.4
76, 50.1, 1, 0.4
77, 41.7, 1, 0.4
78, 35.3, 1, 0.4
79, 26.5, 2, 0.4
80, 97.3, 1, 0.4
81, 91.1, 1, 0.4
82, 84.1, 1, 0.4
83, 74.3, 1, 0.4
84, 79.1, 1, 0.4
85, 72.7, 1, 0.4
86, 4.3, 2, 0.4
87, 56.5, 1, 0.4
88, 45.6, 1, 0.4
89, 37.4, 1, 0.4
90, 31.7, 1, 0.4
91, 21.3, 2, 0.4
92, 66.8, 1, 0.4
93, 58.6, 1, 0.4
94, 50.5, 1, 0.4
95, 43.3, 1, 0.4
96, 36.4, 1, 0.4
97, 27.8, 2, 0.4
98, 54.7, 1, 0.4
99, 46.1, 1, 0.4
100, 38.1, 1, 0.4
101, 29.4, 2, 0.4
102, 47.9, 1, 0.4
103, 39.2, 1, 0.4
104, 30.5, 1, 0.4
105, 22.6, 2, 0.4
106, 58.6, 1, 0.4
107, 52.3, 1, 0.4
108, 43.0, 1, 0.4
109, 34.8, 1, 0.4
110, 26.2, 2, 0.4
111, 57.0, 1, 0.4
112, 51.7, 1, 0.4
113, 42.2, 1, 0.4
114, 34.9, 1, 0.4
115, 25.7, 2, 0.4
116, 68.2, 1, 0.4
117, 59.9, 1, 0.4
118, 51.2, 1, 0.4
119, 43.1, 1, 0.4
120, 33.8, 1, 0.4
121, 24.6, 2, 0.4
122, 58.3, 1, 0.4
123, 49.9, 1, 0.4
124, 41.9, 1, 0.4
125, 37.5, 1, 0.4
126, 25.3, 2, 0.4
127, 77.2, 1, 0.4
128, 74.7, 1, 0.4
129, 60.1, 1, 0.4
130, 50.4, 1, 0.4
131, 42.0, 1, 0.4
132, 36.3, 1, 0.4
133, 25.0, 2, 0.4
134, 39.7, 1, 0.4
135, 52.2, 1, 0.4
136, 42.7, 1, 0.4
137, 34.2, 1, 0.4
138, 24.5, 2, 0.4
139, 80.2, 1, 0.4
140, 71.5, 1, 0.4
141, 63.1, 1, 0.4
142, 54.5, 1, 0.4
143, 46.1, 1, 0.4
144, 37.2, 1, 0.4
145, 28.1, 2, 0.4
146, 62.3, 1, 0.4
147, 53.5, 1, 0.4
148, 44.7, 1, 0.4
149, 37.7, 1, 0.4
150, 27.8, 2, 0.4
151, 80.6, 1, 0.4
152, 73.1, 1, 0.4
153, 65.3, 1, 0.4
154, 55.4, 1, 0.4
155, 53.6, 1, 0.4
156, 38.5, 1, 0.4
157, 30.9, 1, 0.4
158, 21.6, 2, 0.4
159, 36.8, 1, 0.4
160, 27.5, 2, 0.4
161, 100.8, 1, 0.4
162, 97.3, 1, 0.4
163, 94.2, 1, 0.4
164, 81.8, 1, 0.4
165, 67.5, 1, 0.4
166, 43.6, 1, 0.4
167, 34.6, 1, 0.4
168, 25.6, 2, 0.4
169, 46.6, 1, 0.4
170, 38.9, 1, 0.4
171, 32.0, 1, 0.4
172, 20.6, 2, 0.4
173, 94.5, 1, 0.4
174, 87.2, 1, 0.4
175, 44.5, 1, 0.4
176, 70.6, 1, 0.4
177, 63.9, 1, 0.4
178, 70.1, 1, 0.4
179, 4.3, 2, 0.4
180, 51.6, 1, 0.4
181, 40.6, 1, 0.4
182, 33.0, 1, 0.4
183, 27.3, 2, 0.4
184, 74.7, 1, 0.4
185, 65.1, 1, 0.4
186, 57.0, 1, 0.4
187, 48.6, 1, 0.4
188, 41.1, 1, 0.4
189, 33.2, 1, 0.4
190, 24.6, 2, 0.4
191, 55.9, 1, 0.4
192, 48.2, 1, 0.4
193, 39.5, 1, 0.4
194, 30.8, 1, 0.4
195, 23.5, 2, 0.4
196, 47.9, 1, 0.4
197, 40.8, 1, 0.4
198, 32.7, 1, 0.4
199, 24.7, 2, 0.4
200, 67.0, 1, 0.4
201, 58.3, 1, 0.4
202, 44.5, 1, 0.4
203, 34.9, 1, 0.4
204, 25.7, 2, 0.4
205, 53.8, 1, 0.4
206, 44.9, 1, 0.4
207, 36.9, 1, 0.4
208, 27.7, 2, 0.4
209, 59.1, 1, 0.4
210, 50.3, 1, 0.4
211, 42.5, 1, 0.4
212, 32.9, 1, 0.4
213, 24.6, 2, 0.4
214, 52.5, 1, 0.4
215, 44.4, 1, 0.4
216, 36.5, 1, 0.4
217, 28.2, 2, 0.4
218, 72.3, 1, 0.4
219, 57.9, 1, 0.4
220, 54.8, 1, 0.4
221, 45.8, 1, 0.4
222, 37.1, 1, 0.4
223, 28.8, 2, 0.4
224, 59.1, 1, 0.4
225, 54.0, 1, 0.4
226, 43.1, 1, 0.4
227, 35.3, 1, 0.4
228, 27.7, 2, 0.4
229, 72.9, 1, 0.4
230, 64.4, 1, 0.4
231, 54.8, 1, 0.4
232, 46.5, 1, 0.4
233, 37.2, 1, 0.4
234, 28.1, 2, 0.4
235, 63.7, 1, 0.4
236, 54.9, 1, 0.4
237, 46.1, 1, 0.4
238, 37.7, 1, 0.4
239, 29.1, 2, 0.4
240, 80.9, 1, 0.4
241, 71.5, 1, 0.4
242, 67.4, 1, 0.4
243, 54.3, 1, 0.4
244, 45.5, 1, 0.4
245, 47.6, 1, 0.4
246, 28.9, 2, 0.4
247, 52.8, 1, 0.4
248, 54.5, 1, 0.4
249, 47.7, 1, 0.4
250, 37.2, 1, 0.4
251, 31.5, 1, 0.4
252, 20.6, 2, 0.4
253, 78.9, 1, 0.4
254, 74.8, 1, 0.4
255, 61.7, 1, 0.4
256, 51.8, 1, 0.4
257, 43.6, 1, 0.4
258, 34.5, 1, 0.4
259, 25.3, 2, 0.4
260, 64.7, 1, 0.4
261, 56.4, 1, 0.4
262, 47.6, 1, 0.4
263, 39.2, 1, 0.4
264, 33.4, 1, 0.4
265, 23.6, 2, 0.4
266, 78.1, 1, 0.4
267, 69.6, 1, 0.4
268, 60.6, 1, 0.4
269, 50.7, 1, 0.4
270, 42.4, 1, 0.4
271, 33.8, 1, 0.4
272, 25.2, 2, 0.4
273, 60.9, 1, 0.4
274, 51.2, 1, 0.4
275, 40.9, 1, 0.4
276, 34.8, 1, 0.4
277, 32.6, 1, 0.4
278, 20.6, 2, 0.4
279, 75.3, 1, 0.4
280, 66.2, 1, 0.4
281, 56.8, 1, 0.4
282, 47.8, 1, 0.4
283, 39.5, 1, 0.4
284, 30.3, 1, 0.4
285, 21.5, 2, 0.4
286, 60.7, 1, 0.4
287, 52.9, 1, 0.4
288, 44.4, 1, 0.4
289, 37.0, 1, 0.4
290, 29.4, 2, 0.4
291, 70.3, 1, 0.4
292, 61.9, 1, 0.4
293, 54.7, 1, 0.4
294, 45.7, 1, 0.4
295, 36.0, 1, 0.4
296, 33.5, 1, 0.4
297, 20.8, 2, 0.4
298, 52.7, 1, 0.4
299, 43.3, 1, 0.4
300, 35.9, 1, 0.4
301, 30.6, 1, 0.4
302, 21.6, 2, 0.4
303, 73.9, 1, 0.4
304, 64.9, 1, 0.4
305, 55.6, 1, 0.4
306, 46.8, 1, 0.4
307, 38.0, 1, 0.4
308, 29.3, 2, 0.4
309, 64.6, 1, 0.4
310, 55.7, 1, 0.4
311, 47.6, 1, 0.4
312, 39.5, 1, 0.4
313, 31.6, 1, 0.4
314, 24.1, 2, 0.4
315, 72.1, 1, 0.4
316, 65.1, 1, 0.4
317, 54.3, 1, 0.4
318, 45.7, 1, 0.4
319, 37.4, 1, 0.4
320, 29.2, 2, 0.4
321, 62.1, 1, 0.4
322, 52.4, 1, 0.4
323, 44.4, 1, 0.4
324, 37.2, 1, 0.4
325, 30.8, 1, 0.4
326, 21.6, 2, 0.4
327, 72.4, 1, 0.4
328, 63.9, 1, 0.4
329, 54.5, 1, 0.4
330, 46.2, 1, 0.4
331, 36.9, 1, 0.4
332, 28.0, 2, 0.4
333, 63.7, 1, 0.4
334, 55.1, 1, 0.4
335, 46.7, 1, 0.4
336, 38.7, 1, 0.4
337, 31.6, 1, 0.4
338, 27.2, 2, 0.4
339, 73.3, 1, 0.4
340, 64.9, 1, 0.4
341, 54.9, 1, 0.4
342, 46.3, 1, 0.4
343, 38.0, 1, 0.4
344, 29.6, 2, 0.4
345, 64.1, 1, 0.4
346, 55.3, 1, 0.4
347, 47.8, 1, 0.4
348, 40.1, 1, 0.4
349, 32.1, 1, 0.4
350, 22.3, 2, 0.4
351, 69.4, 1, 0.4
352, 59.8, 1, 0.4
353, 50.9, 1, 0.4
354, 42.3, 1, 0.4
355, 32.8, 1, 0.4
356, 24.3, 2, 0.4
357, 59.9, 1, 0.4
358, 51.6, 1, 0.4
359, 43.6, 1, 0.4
360, 36.2, 1, 0.4
361, 30.1, 1, 0.4
362, 20.2, 2, 0.4
363, 75.6, 1, 0.4
364, 64.4, 1, 0.4
365, 54.8, 1, 0.4
366, 45.9, 1, 0.4
367, 37.7, 1, 0.4
368, 29.3, 2, 0.4
369, 64.0, 1, 0.4
370, 56.1, 1, 0.4
371, 48.4, 1, 0.4
372, 39.6, 1, 0.4
373, 31.1, 1, 0.4
374, 21.9, 2, 0.4
375, 68.0, 1, 0.4
376, 58.8, 1, 0.4
377, 49.4, 1, 0.4
378, 40.6, 1, 0.4
379, 31.2, 1, 0.4
380, 22.7, 2, 0.4
381, 58.5, 1, 0.4
382, 49.7, 1, 0.4
383, 41.8, 1, 0.4
384, 34.6, 1, 0.4
385, 26.3, 2, 0.4
386, 73.6, 1, 0.4
387, 65.2, 1, 0.4
388, 54.8, 1, 0.4
389, 42.1, 1, 0.4
390, 33.3, 1, 0.4
391, 24.6, 2, 0.4
392, 56.8, 1, 0.4
393, 48.3, 1, 0.4
394, 39.0, 1, 0.4
395, 30.6, 1, 0.4
396, 20.9, 2, 0.4
397, 64.8, 1, 0.4
398, 55.9, 1, 0.4
399, 47.1, 1, 0.4
400, 38.1, 1, 0.4
401, 29.2, 2, 0.4
402, 61.5, 1, 0.4
403, 52.9, 1, 0.4
404, 44.7, 1, 0.4
405, 36.3, 1, 0.4
406, 28.0, 2, 0.4
407, 68.8, 1, 0.4
408, 60.9, 1, 0.4
409, 47.4, 1, 0.4
410, 38.4, 1, 0.4
411, 33.5, 1, 0.4
412, 24.3, 2, 0.4
413, 54.1, 1, 0.4
414, 46.0, 1, 0.4
415, 38.2, 1, 0.4
416, 32.6, 1, 0.4
417, 23.4, 2, 0.4
418, 74.8, 1, 0.4
419, 65.0, 1, 0.4
420, 55.5, 1, 0.4
421, 47.1, 1, 0.4
422, 37.7, 1, 0.4
423, 28.7, 2, 0.4
424, 62.8, 1, 0.4
425, 54.5, 1, 0.4
426, 45.8, 1, 0.4
427, 37.8, 1, 0.4
428, 30.6, 1, 0.4
429, 22.9, 2, 0.4
430, 72.1, 1, 0.4
431, 63.0, 1, 0.4
432, 53.7, 1, 0.4
433, 44.5, 1, 0.4
434, 36.6, 1, 0.4
435, 28.0, 2, 0.4
436, 61.6, 1, 0.4
437, 53.7, 1, 0.4
438, 46.2, 1, 0.4
439, 37.8, 1, 0.4
440, 29.2, 2, 0.4
441, 68.5, 1, 0.4
442, 59.3, 1, 0.4
443, 50.2, 1, 0.4
444, 41.7, 1, 0.4
445, 32.3, 1, 0.4
446, 23.2, 2, 0.4
447, 51.9, 1, 0.4
448, 44.1, 1, 0.4
449, 36.4, 1, 0.4
450, 28.5, 2, 0.4
451, 65.9, 1, 0.4
452, 62.3, 1, 0.4
453, 54.2, 1, 0.4
454, 40.5, 1, 0.4
455, 36.5, 1, 0.4
456, 27.0, 2, 0.4
457, 54.7, 1, 0.4
458, 47.1, 1, 0.4
459, 38.5, 1, 0.4
460, 33.8, 1, 0.4
461, 23.3, 2, 0.4
462, 79.5, 1, 0.4
463, 64.7, 1, 0.4
464, 55.1, 1, 0.4
465, 46.4, 1, 0.4
466, 37.9, 1, 0.4
467, 28.1, 2, 0.4
468, 64.0, 1, 0.4
469, 55.5, 1, 0.4
470, 47.3, 1, 0.4
471, 39.1, 1, 0.4
472, 32.6, 1, 0.4
473, 23.5, 2, 0.4
474, 72.2, 1, 0.4
475, 64.6, 1, 0.4
476, 54.1, 1, 0.4
477, 45.0, 1, 0.4
478, 36.7, 1, 0.4
479, 29.1, 2, 0.4
480, 61.7, 1, 0.4
481, 52.9, 1, 0.4
482, 46.6, 1, 0.4
483, 37.5, 1, 0.4
484, 30.1, 1, 0.4
485, 20.6, 2, 0.4
486, 70.9, 1, 0.4
487, 61.0, 1, 0.4
488, 52.2, 1, 0.4
489, 43.4, 1, 0.4
490, 34.6, 1, 0.4
491, 25.9, 2, 0.4
492, 62.2, 1, 0.4
493, 53.7, 1, 0.4
494, 45.3, 1, 0.4
495, 37.6, 1, 0.4
496, 31.0, 1, 0.4
497, 21.9, 2, 0.4
498, 72.7, 1, 0.4
499, 64.1, 1, 0.4
500, 54.7, 1, 0.4
501, 45.2, 1, 0.4
502, 36.8, 1, 0.4
503, 29.0, 2, 0.4
504, 62.4, 1, 0.4
505, 55.0, 1, 0.4
506, 46.5, 1, 0.4
507, 37.5, 1, 0.4
508, 28.2, 2, 0.4
509, 67.1, 1, 0.4
510, 58.1, 1, 0.4
511, 49.3, 1, 0.4
512, 40.9, 1, 0.4
513, 31.1, 1, 0.4
514, 22.9, 2, 0.4
515, 53.3, 1, 0.4
516, 45.0, 1, 0.4
517, 36.9, 1, 0.4
518, 28.4, 2, 0.4
519, 77.0, 1, 0.4
520, 68.6, 1, 0.4
521, 60.3, 1, 0.4
522, 50.8, 1, 0.4
523, 42.1, 1, 0.4
524, 33.7, 1, 0.4
525, 25.0, 2, 0.4
526, 57.0, 1, 0.4
527, 48.3, 1, 0.4
528, 39.0, 1, 0.4
529, 34.2, 1, 0.4
530, 26.7, 2, 0.4
531, 73.7, 1, 0.4
532, 64.5, 1, 0.4
533, 56.2, 1, 0.4
534, 47.1, 1, 0.4
535, 38.5, 1, 0.4
536, 29.4, 2, 0.4
537, 60.1, 1, 0.4
538, 52.0, 1, 0.4
539, 43.2, 1, 0.4
540, 36.6, 1, 0.4
541, 27.4, 2, 0.4
542, 71.8, 1, 0.4
543, 66.0, 1, 0.4
544, 54.4, 1, 0.4
545, 45.5, 1, 0.4
546, 37.2, 1, 0.4
547, 28.7, 2, 0.4
548, 60.8, 1, 0.4
549, 50.6, 1, 0.4
550, 41.7, 1, 0.4
551, 34.7, 1, 0.4
552, 29.8, 2, 0.4
553, 74.0, 1, 0.4
554, 65.6, 1, 0.4
555, 57.1, 1, 0.4
556, 48.4, 1, 0.4
557, 39.3, 1, 0.4
558, 30.6, 1, 0.4
559, 21.8, 2, 0.4
560, 59.4, 1, 0.4
561, 51.2, 1, 0.4
562, 42.9, 1, 0.4
563, 37.5, 1, 0.4
564, 26.5, 2, 0.4
565, 79.5, 1, 0.4
566, 71.7, 1, 0.4
567, 64.5, 1, 0.4
568, 53.9, 1, 0.4
569, 44.7, 1, 0.4
570, 35.9, 1, 0.4
571, 27.6, 2, 0.4
572, 57.9, 1, 0.4
573, 52.7, 1, 0.4
574, 44.8, 1, 0.4
575, 35.5, 1, 0.4
576, 26.4, 2, 0.4
577, 68.7, 1, 0.4
578, 60.0, 1, 0.4
579, 51.3, 1, 0.4
580, 42.7, 1, 0.4
581, 33.8, 1, 0.4
582, 25.1, 2, 0.4
583, 55.5, 1, 0.4
584, 47.1, 1, 0.4
585, 39.3, 1, 0.4
586, 32.0, 1, 0.4
587, 23.7, 2, 0.4
588, 71.8, 1, 0.4
589, 64.9, 1, 0.4
590, 53.8, 1, 0.4
591, 44.4, 1, 0.4
592, 36.6, 1, 0.4
593, 28.1, 2, 0.4
594, 59.2, 1, 0.4
595, 52.5, 1, 0.4
596, 44.6, 1, 0.4
597, 36.2, 1, 0.4
598, 27.4, 2, 0.4
599, 67.7, 1, 0.4
600, 58.2, 1, 0.4
601, 49.2, 1, 0.4
602, 40.4, 1, 0.4
603, 31.4, 1, 0.4
604, 22.2, 2, 0.4
605, 53.7, 1, 0.4
606, 45.2, 1, 0.4
607, 37.7, 1, 0.4
608, 31.4, 1, 0.4
609, 22.5, 2, 0.4
610, 72.8, 1, 0.4
611, 66.4, 1, 0.4
612, 55.6, 1, 0.4
613, 46.5, 1, 0.4
614, 37.5, 1, 0.4
615, 29.0, 2, 0.4
616, 61.4, 1, 0.4
617, 51.9, 1, 0.4
618, 43.4, 1, 0.4
619, 35.6, 1, 0.4
620, 25.7, 2, 0.4
621, 63.5, 1, 0.4
622, 55.6, 1, 0.4
623, 46.9, 1, 0.4
624, 37.7, 1, 0.4
625, 28.9, 2, 0.4
626, 54.6, 1, 0.4
627, 46.7, 1, 0.4
628, 38.3, 1, 0.4
629, 29.2, 2, 0.4
630, 59.3, 1, 0.4
631, 56.6, 1, 0.4
632, 43.4, 1, 0.4
633, 34.3, 1, 0.4
634, 26.3, 2, 0.4
635, 55.2, 1, 0.4
636, 46.7, 1, 0.4
637, 38.9, 1, 0.4
638, 30.2, 1, 0.4
639, 21.2, 2, 0.4
640, 65.9, 1, 0.4
641, 56.5, 1, 0.4
642, 47.7, 1, 0.4
643, 38.9, 1, 0.4
644, 30.2, 1, 0.4
645, 21.4, 2, 0.4
646, 58.6, 1, 0.4
647, 50.5, 1, 0.4
648, 42.5, 1, 0.4
649, 36.2, 1, 0.4
650, 27.9, 2, 0.4
651, 68.2, 1, 0.4
652, 60.4, 1, 0.4
653, 56.4, 1, 0.4
654, 42.4, 1, 0.4
655, 33.3, 1, 0.4
656, 25.5, 2, 0.4
657, 55.6, 1, 0.4
658, 46.9, 1, 0.4
659, 39.4, 1, 0.4
660, 30.4, 1, 0.4
661, 21.4, 2, 0.4
662, 64.9, 1, 0.4
663, 56.2, 1, 0.4
664, 47.4, 1, 0.4
665, 38.5, 1, 0.4
666, 29.2, 2, 0.4
667, 61.6, 1, 0.4
668, 53.2, 1, 0.4
669, 44.8, 1, 0.4
670, 36.9, 1, 0.4
671, 28.6, 2, 0.4
672, 63.7, 1, 0.4
673, 60.2, 1, 0.4
674, 46.7, 1, 0.4
675, 43.1, 1, 0.4
676, 34.1, 1, 0.4
677, 24.5, 2, 0.4
678, 55.3, 1, 0.4
679, 47.2, 1, 0.4
680, 38.9, 1, 0.4
681, 31.9, 1, 0.4
682, 22.7, 2, 0.4
683, 72.2, 1, 0.4
684, 62.9, 1, 0.4
685, 54.0, 1, 0.4
686, 45.0, 1, 0.4
687, 36.0, 1, 0.4
688, 27.0, 2, 0.4
689, 60.4, 1, 0.4
690, 52.5, 1, 0.4
691, 44.0, 1, 0.4
692, 36.4, 1, 0.4
693, 28.4, 2, 0.4
694, 72.3, 1, 0.4
695, 64.4, 1, 0.4
696, 54.4, 1, 0.4
697, 45.8, 1, 0.4
698, 37.4, 1, 0.4
699, 28.9, 2, 0.4
700, 58.2, 1, 0.4
701, 53.6, 1, 0.4
702, 42.6, 1, 0.4
703, 34.5, 1, 0.4
704, 27.7, 2, 0.4
705, 72.8, 1, 0.4
706, 64.0, 1, 0.4
707, 55.3, 1, 0.4
708, 46.7, 1, 0.4
709, 38.0, 1, 0.4
710, 28.6, 2, 0.4
711, 63.1, 1, 0.4
712, 54.2, 1, 0.4
713, 46.1, 1, 0.4
714, 37.9, 1, 0.4
715, 29.7, 2, 0.4
716, 75.1, 1, 0.4
717, 66.8, 1, 0.4
718, 60.2, 1, 0.4
719, 48.7, 1, 0.4
720, 39.8, 1, 0.4
721, 31.5, 1, 0.4
722, 23.3, 2, 0.4
723, 56.6, 1, 0.4
724, 47.0, 1, 0.4
725, 37.5, 1, 0.4
726, 29.8, 2, 0.4
727, 77.8, 1, 0.4
728, 68.8, 1, 0.4
729, 60.2, 1, 0.4
730, 50.8, 1, 0.4
731, 42.8, 1, 0.4
732, 33.4, 1, 0.4
733, 24.5, 2, 0.4
734, 54.0, 1, 0.4
735, 45.5, 1, 0.4
736, 37.7, 1, 0.4
737, 28.9, 2, 0.4
738, 75.6, 1, 0.4
739, 67.8, 1, 0.4
740, 61.9, 1, 0.4
741, 50.1, 1, 0.4
742, 41.0, 1, 0.4
743, 32.3, 1, 0.4
744, 24.2, 2, 0.4
745, 57.6, 1, 0.4
746, 48.8, 1, 0.4
747, 38.2, 1, 0.4
748, 32.3, 1, 0.4
749, 25.4, 2, 0.4
750, 76.1, 1, 0.4
751, 67.3, 1, 0.4
752, 58.1, 1, 0.4
753, 49.2, 1, 0.4
754, 40.7, 1, 0.4
755, 31.4, 1, 0.4
756, 22.8, 2, 0.4
757, 59.2, 1, 0.4
758, 51.1, 1, 0.4
759, 43.0, 1, 0.4
760, 39.8, 1, 0.4
761, 26.3, 2, 0.4
762, 77.5, 1, 0.4
763, 69.0, 1, 0.4
764, 60.6, 1, 0.4
765, 46.7, 1, 0.4
766, 37.6, 1, 0.4
767, 33.9, 1, 0.4
768, 25.0, 2, 0.4
769, 53.6, 1, 0.4
770, 45.2, 1, 0.4
771, 40.6, 1, 0.4
772, 31.7, 1, 0.4
773, 22.3, 2, 0.4
774, 70.1, 1, 0.4
775, 61.1, 1, 0.4
776, 52.1, 1, 0.4
777, 43.1, 1, 0.4
778, 34.7, 1, 0.4
779, 25.9, 2, 0.4
780, 60.1, 1, 0.4
781, 51.6, 1, 0.4
782, 43.1, 1, 0.4
783, 35.7, 1, 0.4
784, 26.8, 2, 0.4
785, 74.8, 1, 0.4
786, 67.1, 1, 0.4
787, 56.3, 1, 0.4
788, 48.5, 1, 0.4
789, 39.8, 1, 0.4
790, 30.6, 1, 0.4
791, 22.9, 2, 0.4
792, 55.0, 1, 0.4
793, 48.2, 1, 0.4
794, 37.6, 1, 0.4
795, 32.2, 1, 0.4
796, 25.4, 2, 0.4
797, 75.8, 1, 0.4
798, 67.1, 1, 0.4
799, 57.8, 1, 0.4
800, 49.0, 1, 0.4
801, 40.1, 1, 0.4
802, 31.1, 1, 0.4
803, 22.2, 2, 0.4
804, 58.2, 1, 0.4
805, 50.2, 1, 0.4
806, 42.3, 1, 0.4
807, 38.1, 1, 0.4
808, 25.4, 2, 0.4
809, 77.7, 1, 0.4
810, 68.9, 1, 0.4
811, 59.2, 1, 0.4
812, 50.1, 1, 0.4
813, 41.9, 1, 0.4
814, 33.2, 1, 0.4
815, 24.4, 2, 0.4
816, 56.6, 1, 0.4
817, 48.2, 1, 0.4
818, 40.0, 1, 0.4
819, 35.5, 1, 0.4
820, 26.7, 2, 0.4
821, 71.9, 1, 0.4
822, 62.9, 1, 0.4
823, 54.0, 1, 0.4
824, 45.6, 1, 0.4
825, 36.3, 1, 0.4
826, 27.4, 2, 0.4
827, 57.5, 1, 0.4
828, 49.0, 1, 0.4
829, 41.0, 1, 0.4
830, 33.0, 1, 0.4
831, 25.1, 2, 0.4
832, 70.6, 1, 0.4
833, 59.5, 1, 0.4
834, 52.7, 1, 0.4
835, 43.2, 1, 0.4
836, 35.1, 1, 0.4
837, 25.7, 2, 0.4
838, 56.7, 1, 0.4
839, 51.3, 1, 0.4
840, 42.5, 1, 0.4
841, 34.5, 1, 0.4
842, 25.0, 2, 0.4
843, 68.1, 1, 0.4
844, 59.0, 1, 0.4
845, 50.5, 1, 0.4
846, 41.8, 1, 0.4
847, 33.0, 1, 0.4
848, 23.8, 2, 0.4
849, 53.6, 1, 0.4
850, 45.6, 1, 0.4
851, 37.9, 1, 0.4
852, 29.5, 2, 0.4
853, 63.9, 1, 0.4
854, 55.0, 1, 0.4
855, 48.6, 1, 0.4
856, 38.2, 1, 0.4
857, 29.9, 2, 0.4
858, 55.4, 1, 0.4
859, 47.2, 1, 0.4
860, 38.9, 1, 0.4
861, 29.8, 2, 0.4
862, 63.8, 1, 0.4
863, 54.9, 1, 0.4
864, 46.3, 1, 0.4
865, 37.6, 1, 0.4
866, 28.3, 2, 0.4
867, 58.0, 1, 0.4
868, 49.4, 1, 0.4
869, 40.6, 1, 0.4
870, 33.4, 1, 0.4
871, 23.7, 2, 0.4
872, 77.2, 1, 0.4
873, 69.0, 1, 0.4
874, 57.9, 1, 0.4
875, 49.3, 1, 0.4
876, 41.1, 1, 0.4
877, 32.4, 1, 0.4
878, 25.4, 2, 0.4
879, 36.8, 1, 0.4
880, 53.4, 1, 0.4
881, 44.6, 1, 0.4
882, 37.0, 1, 0.4
883, 38.9, 1, 0.4
884, 24.6, 2, 0.4
885, 77.0, 1, 0.4
886, 67.4, 1, 0.4
887, 58.6, 1, 0.4
888, 49.6, 1, 0.4
889, 40.7, 1, 0.4
890, 31.1, 1, 0.4
891, 22.9, 2, 0.4
892, 57.7, 1, 0.4
893, 49.5, 1, 0.4
894, 41.6, 1, 0.4
895, 35.5, 1, 0.4
896, 26.7, 2, 0.4
897, 71.5, 1, 0.4
898, 63.6, 1, 0.4
899, 48.9, 1, 0.4
900, 39.9, 1, 0.4
901, 36.9, 1, 0.4
902, 28.0, 2, 0.4
903, 54.7, 1, 0.4
904, 47.3, 1, 0.4
905, 40.1, 1, 0.4
906, 31.9, 1, 0.4
907, 22.6, 2, 0.4
908, 69.6, 1, 0.4
909, 60.3, 1, 0.4
910, 51.2, 1, 0.4
911, 42.1, 1, 0.4
912, 33.6, 1, 0.4
913, 24.6, 2, 0.4
914, 59.8, 1, 0.4
915, 51.3, 1, 0.4
916, 43.3, 1, 0.4
917, 36.6, 1, 0.4
918, 27.4, 2, 0.4
919, 73.8, 1, 0.4
920, 64.9, 1, 0.4
921, 51.6, 1, 0.4
922, 41.8, 1, 0.4
923, 39.0, 1, 0.4
924, 29.2, 2, 0.4
925, 57.8, 1, 0.4
926, 49.3, 1, 0.4
927, 40.8, 1, 0.4
928, 31.9, 1, 0.4
929, 22.6, 2, 0.4
930, 67.6, 1, 0.4
931, 58.4, 1, 0.4
932, 49.9, 1, 0.4
933, 41.3, 1, 0.4
934, 31.9, 1, 0.4
935, 23.1, 2, 0.4
936, 60.1, 1, 0.4
937, 52.0, 1, 0.4
938, 44.0, 1, 0.4
939, 37.3, 1, 0.4
940, 28.0, 2, 0.4
941, 69.7, 1, 0.4
942, 63.7, 1, 0.4
943, 58.9, 1, 0.4
944, 46.2, 1, 0.4
945, 40.0, 1, 0.4
946, 31.3, 1, 0.4
947, 22.8, 2, 0.4
948, 54.1, 1, 0.4
949, 44.4, 1, 0.4
950, 36.9, 1, 0.4
951, 33.7, 1, 0.4
952, 22.9, 2, 0.4
953, 74.0, 1, 0.4
954, 65.6, 1, 0.4
955, 56.1, 1, 0.4
956, 47.7, 1, 0.4
957, 38.1, 1, 0.4
958, 29.2, 2, 0.4
959, 62.4, 1, 0.4
960, 54.2, 1, 0.4
961, 45.5, 1, 0.4
962, 37.9, 1, 0.4
963, 29.3, 2, 0.4
964, 66.5, 1, 0.4
965, 63.7, 1, 0.4
966, 55.8, 1, 0.4
967, 45.8, 1, 0.4
968, 36.6, 1, 0.4
969, 27.1, 2, 0.4
970, 57.0, 1, 0.4
971, 52.2, 1, 0.4
972, 40.9, 1, 0.4
973, 36.3, 1, 0.4
974, 25.8, 2, 0.4
975, 72.9, 1, 0.4
976, 64.0, 1, 0.4
977, 54.3, 1, 0.4
978, 45.5, 1, 0.4
979, 36.5, 1, 0.4
980, 27.1, 2, 0.4
981, 60.7, 1, 0.4
982, 52.5, 1, 0.4
983, 43.8, 1, 0.4
984, 36.7, 1, 0.4
985, 28.4, 2, 0.4
986, 72.8, 1, 0.4
987, 65.1, 1, 0.4
988, 55.8, 1, 0.4
989, 46.3, 1, 0.4
990, 37.9, 1, 0.4
991, 29.0, 2, 0.4
992, 58.5, 1, 0.4
993, 53.9, 1, 0.4
994, 42.7, 1, 0.4
995, 35.1, 1, 0.4
996, 27.3, 2, 0.4
997, 71.6, 1, 0.4
998, 63.4, 1, 0.4
999, 54.3, 1, 0.4
1000, 45.2, 1, 0.4
1001, 36.4, 1, 0.4
1002, 27.1, 2, 0.4
1003, 61.0, 1, 0.4
1004, 52.2, 1, 0.4
1005, 43.7, 1, 0.4
1006, 36.0, 1, 0.4
1007, 27.4, 2, 0.4
1008, 74.7, 1, 0.4
1009, 66.3, 1, 0.4
1010, 57.5, 1, 0.4
1011, 48.4, 1, 0.4
1012, 42.8, 1, 0.4
1013, 34.0, 1, 0.4
1014, 31.0, 1, 0.4
1015, 20.2, 2, 0.4
1016, 24.4, 2, 0.4
1017, 77.0, 1, 0.4
1018, 69.2, 1, 0.4
1019, 50.9, 1, 0.4
1020, 42.9, 1, 0.4
1021, 35.9, 1, 0.4
1022, 30.7, 1, 0.4
1023, 21.0, 2, 0.4
1024, 75.4, 1, 0.4
1025, 66.8, 1, 0.4
1026, 58.3, 1, 0.4
1027, 49.7, 1, 0.4
1028, 43.3, 1, 0.4
1029, 33.6, 1, 0.4
1030, 24.7, 2, 0.4
1031, 72.8, 1, 0.4
1032, 64.4, 1, 0.4
1033, 56.0, 1, 0.4
1034, 51.0, 1, 0.4
1035, 89.6, 1, 0.4
1036, 54.9, 1, 0.4
1037, 5.3, 2, 0.4
1038, 43.8, 1, 0.4
1039, 10.0, 2, 0.4
1040, 56.1, 1, 0.4
1041, 74.3, 1, 0.4
1042, 66.1, 1, 0.4
1043, 56.4, 1, 0.4
1044, 46.0, 1, 0.4
1045, 38.2, 1, 0.4
1046, 48.2, 1, 0.4
1047, 23.4, 2, 0.4
1048, 35.4, 1, 0.4
1049, 26.8, 2, 0.4
1050, 56.6, 1, 0.4
1051, 48.1, 1, 0.4
1052, 39.8, 1, 0.4
1053, 30.8, 1, 0.4
1054, 23.5, 2, 0.4
1055, 46.2, 1, 0.4
1056, 39.3, 1, 0.4
1057, 30.2, 1, 0.4
1058, 22.1, 2, 0.4
1059, 62.1, 1, 0.4
1060, 51.8, 1, 0.4
1061, 42.3, 1, 0.4
1062, 33.5, 1, 0.4
1063, 26.3, 2, 0.4
1064, 55.7, 1, 0.4
1065, 47.0, 1, 0.4
1066, 38.8, 1, 0.4
1067, 29.6, 2, 0.4
1068, 59.5, 1, 0.4
1069, 50.4, 1, 0.4
1070, 42.3, 1, 0.4
1071, 33.0, 1, 0.4
1072, 24.2, 2, 0.4
1073, 49.3, 1, 0.4
1074, 41.1, 1, 0.4
1075, 33.4, 1, 0.4
1076, 24.3, 2, 0.4
1077, 69.5, 1, 0.4
1078, 56.4, 1, 0.4
1079, 46.0, 1, 0.4
1080, 37.8, 1, 0.4
1081, 33.1, 1, 0.4
1082, 24.2, 2, 0.4
1083, 52.0, 1, 0.4
1084, 48.0, 1, 0.4
1085, 38.7, 1, 0.4
1086, 30.4, 1, 0.4
1087, 21.3, 2, 0.4
1088, 68.1, 1, 0.4
1089, 58.9, 1, 0.4
1090, 49.6, 1, 0.4
1091, 41.2, 1, 0.4
1092, 32.2, 1, 0.4
1093, 23.5, 2, 0.4
1094, 56.7, 1, 0.4
1095, 48.8, 1, 0.4
1096, 42.0, 1, 0.4
1097, 32.9, 1, 0.4
1098, 24.6, 2, 0.4
1099, 67.9, 1, 0.4
1100, 58.1, 1, 0.4
1101, 44.6, 1, 0.4
1102, 36.7, 1, 0.4
1103, 28.4, 2, 0.4
1104, 54.8, 1, 0.4
1105, 46.0, 1, 0.4
1106, 37.3, 1, 0.4
1107, 28.3, 2, 0.4
1108, 59.1, 1, 0.4
1109, 50.5, 1, 0.4
1110, 41.5, 1, 0.4
1111, 32.2, 1, 0.4
1112, 23.2, 2, 0.4
1113, 50.5, 1, 0.4
1114, 42.4, 1, 0.4
1115, 35.9, 1, 0.4
1116, 26.4, 2, 0.4
1117, 72.9, 1, 0.4
1118, 64.5, 1, 0.4
1119, 50.5, 1, 0.4
1120, 40.9, 1, 0.4
1121, 37.4, 1, 0.4
1122, 27.8, 2, 0.4
1123, 54.7, 1, 0.4
1124, 47.4, 1, 0.4
1125, 39.3, 1, 0.4
1126, 32.5, 1, 0.4
1127, 23.0, 2, 0.4
1128, 70.2, 1, 0.4
1129, 60.2, 1, 0.4
1130, 51.9, 1, 0.4
1131, 43.0, 1, 0.4
1132, 34.2, 1, 0.4
1133, 25.4, 2, 0.4
1134, 60.2, 1, 0.4
1135, 51.8, 1, 0.4
1136, 43.3, 1, 0.4
1137, 36.4, 1, 0.4
1138, 29.3, 2, 0.4
1139, 68.0, 1, 0.4
1140, 63.7, 1, 0.4
1141, 51.2, 1, 0.4
1142, 41.1, 1, 0.4
1143, 37.4, 1, 0.4
1144, 24.9, 2, 0.4
1145, 55.5, 1, 0.4
1146, 49.7, 1, 0.4
1147, 40.8, 1, 0.4
1148, 32.2, 1, 0.4
1149, 22.4, 2, 0.4
1150, 69.0, 1, 0.4
1151, 60.1, 1, 0.4
1152, 50.6, 1, 0.4
1153, 42.3, 1, 0.4
1154, 33.3, 1, 0.4
1155, 24.1, 2, 0.4
1156, 58.9, 1, 0.4
1157, 50.5, 1, 0.4
1158, 42.6, 1, 0.4
1159, 36.0, 1, 0.4
1160, 26.6, 2, 0.4
1161, 73.1, 1, 0.4
1162, 64.5, 1, 0.4
1163, 50.6, 1, 0.4
1164, 41.0, 1, 0.4
1165, 37.6, 1, 0.4
1166, 28.4, 2, 0.4
1167, 55.2, 1, 0.4
1168, 47.6, 1, 0.4
1169, 39.8, 1, 0.4
1170, 32.6, 1, 0.4
1171, 22.9, 2, 0.4
1172, 70.1, 1, 0.4
1173, 60.7, 1, 0.4
1174, 52.0, 1, 0.4
1175, 42.6, 1, 0.4
1176, 33.6, 1, 0.4
1177, 24.7, 2, 0.4
1178, 59.7, 1, 0.4
1179, 51.4, 1, 0.4
1180, 43.1, 1, 0.4
1181, 36.5, 1, 0.4
1182, 27.7, 2, 0.4
1183, 67.9, 1, 0.4
1184, 63.4, 1, 0.4
1185, 49.8, 1, 0.4
1186, 40.5, 1, 0.4
1187, 36.7, 1, 0.4
1188, 27.1, 2, 0.4
1189, 54.4, 1, 0.4
1190, 46.1, 1, 0.4
1191, 39.2, 1, 0.4
1192, 32.2, 1, 0.4
1193, 22.5, 2, 0.4
1194, 70.1, 1, 0.4
1195, 61.6, 1, 0.4
1196, 52.6, 1, 0.4
1197, 43.6, 1, 0.4
1198, 34.7, 1, 0.4
1199, 25.7, 2, 0.4
1200, 60.3, 1, 0.4
1201, 52.0, 1, 0.4
1202, 44.1, 1, 0.4
1203, 36.8, 1, 0.4
1204, 27.7, 2, 0.4
1205, 65.4, 1, 0.4
1206, 62.0, 1, 0.4
1207, 47.5, 1, 0.4
1208, 37.9, 1, 0.4
1209, 34.5, 1, 0.4
1210, 27.0, 2, 0.4
1211, 53.2, 1, 0.4
1212, 45.3, 1, 0.4
1213, 38.9, 1, 0.4
1214, 30.7, 1, 0.4
1215, 21.8, 2, 0.4
1216, 70.4, 1, 0.4
1217, 61.2, 1, 0.4
1218, 52.0, 1, 0.4
1219, 43.2, 1, 0.4
1220, 34.1, 1, 0.4
1221, 24.8, 2, 0.4
1222, 59.2, 1, 0.4
1223, 51.1, 1, 0.4
1224, 43.3, 1, 0.4
1225, 36.0, 1, 0.4
1226, 27.3, 2, 0.4
1227, 65.3, 1, 0.4
1228, 60.9, 1, 0.4
1229, 46.5, 1, 0.4
1230, 37.4, 1, 0.4
1231, 29.5, 2, 0.4
1232, 56.1, 1, 0.4
1233, 47.6, 1, 0.4
1234, 39.0, 1, 0.4
1235, 30.1, 1, 0.4
1236, 21.1, 2, 0.4
1237, 61.9, 1, 0.4
1238, 52.9, 1, 0.4
1239, 43.8, 1, 0.4
1240, 34.9, 1, 0.4
1241, 25.8, 2, 0.4
1242, 60.1, 1, 0.4
1243, 51.8, 1, 0.4
1244, 43.9, 1, 0.4
1245, 36.3, 1, 0.4
1246, 28.5, 2, 0.4
1247, 67.1, 1, 0.4
1248, 63.6, 1, 0.4
1249, 51.0, 1, 0.4
1250, 41.1, 1, 0.4
1251, 37.7, 1, 0.4
1252, 28.4, 2, 0.4
1253, 54.8, 1, 0.4
1254, 46.1, 1, 0.4
1255, 38.6, 1, 0.4
1256, 31.8, 1, 0.4
1257, 22.9, 2, 0.4
1258, 71.4, 1, 0.4
1259, 62.2, 1, 0.4
1260, 52.9, 1, 0.4
1261, 44.0, 1, 0.4
1262, 34.8, 1, 0.4
1263, 25.7, 2, 0.4
1264, 60.6, 1, 0.4
1265, 52.8, 1, 0.4
1266, 44.8, 1, 0.4
1267, 37.4, 1, 0.4
1268, 28.9, 2, 0.4
1269, 64.0, 1, 0.4
1270, 57.4, 1, 0.4
1271, 52.9, 1, 0.4
1272, 38.2, 1, 0.4
1273, 29.7, 2, 0.4
1274, 55.7, 1, 0.4
1275, 46.7, 1, 0.4
1276, 38.3, 1, 0.4
1277, 29.2, 2, 0.4
1278, 61.9, 1, 0.4
1279, 53.1, 1, 0.4
1280, 44.1, 1, 0.4
1281, 34.7, 1, 0.4
1282, 25.6, 2, 0.4
1283, 53.9, 1, 0.4
1284, 45.2, 1, 0.4
1285, 37.6, 1, 0.4
1286, 29.9, 2, 0.4
1287, 68.0, 1, 0.4
1288, 59.9, 1, 0.4
1289, 55.4, 1, 0.4
1290, 41.6, 1, 0.4
1291, 38.1, 1, 0.4
1292, 28.1, 2, 0.4
1293, 54.7, 1, 0.4
1294, 46.9, 1, 0.4
1295, 39.2, 1, 0.4
1296, 32.2, 1, 0.4
1297, 22.7, 2, 0.4
1298, 72.2, 1, 0.4
1299, 62.0, 1, 0.4
1300, 52.9, 1, 0.4
1301, 44.1, 1, 0.4
1302, 34.7, 1, 0.4
1303, 25.3, 2, 0.4
1304, 61.0, 1, 0.4
1305, 53.1, 1, 0.4
1306, 45.0, 1, 0.4
1307, 36.9, 1, 0.4
1308, 29.3, 2, 0.4
1309, 64.5, 1, 0.4
1310, 55.6, 1, 0.4
1311, 52.2, 1, 0.4
1312, 38.4, 1, 0.4
1313, 29.7, 2, 0.4
1314, 55.3, 1, 0.4
1315, 47.1, 1, 0.4
1316, 38.3, 1, 0.4
1317, 29.2, 2, 0.4
1318, 62.2, 1, 0.4
1319, 52.9, 1, 0.4
1320, 44.8, 1, 0.4
1321, 35.1, 1, 0.4
1322, 26.1, 2, 0.4
1323, 54.8, 1, 0.4
1324, 46.1, 1, 0.4
1325, 38.5, 1, 0.4
1326, 30.9, 1, 0.4
1327, 22.7, 2, 0.4
1328, 71.3, 1, 0.4
1329, 62.8, 1, 0.4
1330, 53.0, 1, 0.4
1331, 43.5, 1, 0.4
1332, 35.3, 1, 0.4
1333, 26.6, 2, 0.4
1334, 60.4, 1, 0.4
1335, 54.3, 1, 0.4
1336, 44.6, 1, 0.4
1337, 36.7, 1, 0.4
1338, 27.8, 2, 0.4
1339, 66.5, 1, 0.4
1340, 57.8, 1, 0.4
1341, 48.7, 1, 0.4
1342, 40.1, 1, 0.4
1343, 31.0, 1, 0.4
1344, 21.6, 2, 0.4
1345, 50.5, 1, 0.4
1346, 42.2, 1, 0.4
1347, 35.3, 1, 0.4
1348, 27.9, 2, 0.4
1349, 72.0, 1, 0.4
1350, 63.5, 1, 0.4
1351, 51.5, 1, 0.4
1352, 40.6, 1, 0.4
1353, 37.3, 1, 0.4
1354, 27.6, 2, 0.4
1355, 57.8, 1, 0.4
1356, 46.8, 1, 0.4
1357, 39.8, 1, 0.4
1358, 30.8, 1, 0.4
1359, 22.0, 2, 0.4
1360, 66.8, 1, 0.4
1361, 57.1, 1, 0.4
1362, 48.0, 1, 0.4
1363, 38.9, 1, 0.4
1364, 30.2, 1, 0.4
1365, 21.3, 2, 0.4
1366, 56.5, 1, 0.4
1367, 48.4, 1, 0.4
1368, 40.6, 1, 0.4
1369, 33.5, 1, 0.4
1370, 25.2, 2, 0.4
1371, 72.1, 1, 0.4
1372, 63.0, 1, 0.4
1373, 49.3, 1, 0.4
1374, 39.5, 1, 0.4
1375, 28.9, 2, 0.4
1376, 55.1, 1, 0.4
1377, 45.8, 1, 0.4
1378, 38.8, 1, 0.4
1379, 28.3, 2, 0.4
1380, 56.5, 1, 0.4
1381, 47.4, 1, 0.4
1382, 39.0, 1, 0.4
1383, 29.3, 2, 0.4
1384, 53.8, 1, 0.4
1385, 45.2, 1, 0.4
1386, 37.1, 1, 0.4
1387, 28.2, 2, 0.4
1388, 67.4, 1, 0.4
1389, 58.9, 1, 0.4
1390, 45.4, 1, 0.4
1391, 41.6, 1, 0.4
1392, 31.9, 1, 0.4
1393, 22.9, 2, 0.4
1394, 53.4, 1, 0.4
1395, 44.7, 1, 0.4
1396, 36.4, 1, 0.4
1397, 35.5, 1, 0.4
1398, 23.4, 2, 0.4
1399, 74.6, 1, 0.4
1400, 66.0, 1, 0.4
1401, 56.3, 1, 0.4
1402, 47.3, 1, 0.4
1403, 38.4, 1, 0.4
1404, 29.5, 2, 0.4
1405, 62.1, 1, 0.4
1406, 53.8, 1, 0.4
1407, 45.3, 1, 0.4
1408, 38.9, 1, 0.4
1409, 28.8, 2, 0.4
1410, 62.3, 1, 0.4
1411, 54.1, 1, 0.4
1412, 45.9, 1, 0.4
1413, 36.2, 1, 0.4
1414, 28.7, 2, 0.4
1415, 56.1, 1, 0.4
1416, 47.1, 1, 0.4
1417, 38.8, 1, 0.4
1418, 29.6, 2, 0.4
1419, 64.1, 1, 0.4
1420, 55.2, 1, 0.4
1421, 46.5, 1, 0.4
1422, 37.0, 1, 0.4
1423, 27.9, 2, 0.4
1424, 55.3, 1, 0.4
1425, 46.9, 1, 0.4
1426, 38.7, 1, 0.4
1427, 30.5, 1, 0.4
1428, 22.5, 2, 0.4
1429, 71.2, 1, 0.4
1430, 61.6, 1, 0.4
1431, 52.2, 1, 0.4
1432, 43.4, 1, 0.4
1433, 35.4, 1, 0.4
1434, 26.5, 2, 0.4
1435, 60.9, 1, 0.4
1436, 53.4, 1, 0.4
1437, 47.6, 1, 0.4
1438, 38.7, 1, 0.4
1439, 29.9, 2, 0.4
1440, 69.6, 1, 0.4
1441, 60.6, 1, 0.4
1442, 51.2, 1, 0.4
1443, 42.7, 1, 0.4
1444, 32.7, 1, 0.4
1445, 24.2, 2, 0.4
1446, 50.3, 1, 0.4
1447, 42.4, 1, 0.4
1448, 36.3, 1, 0.4
1449, 26.2, 2, 0.4
1450, 70.7, 1, 0.4
1451, 61.1, 1, 0.4
1452, 47.9, 1, 0.4
1453, 38.7, 1, 0.4
1454, 34.8, 1, 0.4
1455, 22.6, 2, 0.4
1456, 54.3, 1, 0.4
1457, 49.0, 1, 0.4
1458, 40.0, 1, 0.4
1459, 31.4, 1, 0.4
1460, 22.2, 2, 0.4
1461, 71.4, 1, 0.4
1462, 61.7, 1, 0.4
1463, 52.4, 1, 0.4
1464, 43.4, 1, 0.4
1465, 33.8, 1, 0.4
1466, 25.3, 2, 0.4
1467, 58.6, 1, 0.4
1468, 50.2, 1, 0.4
1469, 41.5, 1, 0.4
1470, 35.9, 1, 0.4
1471, 26.3, 2, 0.4
1472, 70.8, 1, 0.4
1473, 61.3, 1, 0.4
1474, 48.7, 1, 0.4
1475, 39.6, 1, 0.4
1476, 35.8, 1, 0.4
1477, 25.6, 2, 0.4
1478, 55.9, 1, 0.4
1479, 48.9, 1, 0.4
1480, 38.1, 1, 0.4
1481, 32.0, 1, 0.4
1482, 23.5, 2, 0.4
1483, 74.3, 1, 0.4
1484, 64.2, 1, 0.4
1485, 55.4, 1, 0.4
1486, 46.5, 1, 0.4
1487, 37.2, 1, 0.4
1488, 28.2, 2, 0.4
1489, 62.8, 1, 0.4
1490, 54.5, 1, 0.4
1491, 46.3, 1, 0.4
1492, 37.9, 1, 0.4
1493, 30.0, 1, 0.4
1494, 21.3, 2, 0.4
1495, 70.1, 1, 0.4
1496, 61.2, 1, 0.4
1497, 51.5, 1, 0.4
1498, 41.5, 1, 0.4
1499, 33.9, 1, 0.4
1500, 24.8, 2, 0.4
1501, 57.9, 1, 0.4
1502, 52.4, 1, 0.4
1503, 43.9, 1, 0.4
1504, 35.1, 1, 0.4
1505, 26.0, 2, 0.4
1506, 68.7, 1, 0.4
1507, 59.3, 1, 0.4
1508, 50.3, 1, 0.4
1509, 42.4, 1, 0.4
1510, 32.2, 1, 0.4
1511, 23.3, 2, 0.4
1512, 52.7, 1, 0.4
1513, 44.2, 1, 0.4
1514, 36.8, 1, 0.4
1515, 28.7, 2, 0.4
1516, 66.3, 1, 0.4
1517, 63.3, 1, 0.4
1518, 55.8, 1, 0.4
1519, 40.5, 1, 0.4
1520, 37.3, 1, 0.4
1521, 27.2, 2, 0.4
1522, 55.0, 1, 0.4
1523, 49.8, 1, 0.4
1524, 38.8, 1, 0.4
1525, 32.6, 1, 0.4
1526, 22.4, 2, 0.4
1527, 73.3, 1, 0.4
1528, 63.6, 1, 0.4
1529, 54.1, 1, 0.4
1530, 45.8, 1, 0.4
1531, 36.7, 1, 0.4
1532, 27.6, 2, 0.4
1533, 63.1, 1, 0.4
1534, 54.4, 1, 0.4
1535, 45.9, 1, 0.4
1536, 38.3, 1, 0.4
1537, 30.0, 1, 0.4
1538, 21.9, 2, 0.4
1539, 71.9, 1, 0.4
1540, 62.4, 1, 0.4
1541, 52.5, 1, 0.4
1542, 43.6, 1, 0.4
1543, 35.0, 1, 0.4
1544, 26.9, 2, 0.4
1545, 60.7, 1, 0.4
1546, 53.2, 1, 0.4
1547, 46.2, 1, 0.4
1548, 38.5, 1, 0.4
1549, 29.8, 2, 0.4
1550, 70.5, 1, 0.4
1551, 61.1, 1, 0.4
1552, 51.6, 1, 0.4
1553, 43.3, 1, 0.4
1554, 34.1, 1, 0.4
1555, 25.0, 2, 0.4
1556, 52.7, 1, 0.4
1557, 43.9, 1, 0.4
1558, 36.7, 1, 0.4
1559, 28.0, 2, 0.4
1560, 71.7, 1, 0.4
1561, 62.9, 1, 0.4
1562, 54.2, 1, 0.4
1563, 44.4, 1, 0.4
1564, 36.8, 1, 0.4
1565, 27.7, 2, 0.4
1566, 57.4, 1, 0.4
1567, 50.6, 1, 0.4
1568, 41.6, 1, 0.4
1569, 33.3, 1, 0.4
1570, 23.7, 2, 0.4
1571, 68.8, 1, 0.4
1572, 59.4, 1, 0.4
1573, 49.9, 1, 0.4
1574, 41.5, 1, 0.4
1575, 32.0, 1, 0.4
1576, 23.4, 2, 0.4
1577, 55.7, 1, 0.4
1578, 47.9, 1, 0.4
1579, 40.7, 1, 0.4
1580, 32.3, 1, 0.4
1581, 23.5, 2, 0.4
1582, 70.7, 1, 0.4
1583, 55.9, 1, 0.4
1584, 46.4, 1, 0.4
1585, 37.6, 1, 0.4
1586, 32.7, 1, 0.4
1587, 20.0, 2, 0.4
1588, 53.8, 1, 0.4
1589, 47.4, 1, 0.4
1590, 38.9, 1, 0.4
1591, 30.7, 1, 0.4
1592, 21.1, 2, 0.4
1593, 68.6, 1, 0.4
1594, 59.2, 1, 0.4
1595, 49.3, 1, 0.4
1596, 41.6, 1, 0.4
1597, 32.1, 1, 0.4
1598, 23.5, 2, 0.4
1599, 56.6, 1, 0.4
1600, 49.1, 1, 0.4
1601, 42.2, 1, 0.4
1602, 33.3, 1, 0.4
1603, 25.1, 2, 0.4
1604, 67.9, 1, 0.4
1605, 58.3, 1, 0.4
1606, 44.3, 1, 0.4
1607, 35.2, 1, 0.4
1608, 27.6, 2, 0.4
1609, 56.1, 1, 0.4
1610, 47.5, 1, 0.4
1611, 38.9, 1, 0.4
1612, 30.4, 1, 0.4
1613, 21.6, 2, 0.4
1614, 59.0, 1, 0.4
1615, 50.4, 1, 0.4
1616, 41.5, 1, 0.4
1617, 32.3, 1, 0.4
1618, 23.3, 2, 0.4
1619, 55.6, 1, 0.4
1620, 48.4, 1, 0.4
1621, 40.5, 1, 0.4
1622, 32.4, 1, 0.4
1623, 23.7, 2, 0.4
1624, 67.0, 1, 0.4
1625, 54.5, 1, 0.4
1626, 44.0, 1, 0.4
1627, 35.0, 1, 0.4
1628, 26.9, 2, 0.4
1629, 55.2, 1, 0.4
1630, 46.2, 1, 0.4
1631, 37.5, 1, 0.4
1632, 28.5, 2, 0.4
1633, 58.8, 1, 0.4
1634, 50.1, 1, 0.4
1635, 41.3, 1, 0.4
1636, 32.2, 1, 0.4
1637, 23.9, 2, 0.4
1638, 50.4, 1, 0.4
1639, 42.6, 1, 0.4
1640, 35.1, 1, 0.4
1641, 26.2, 2, 0.4
1642, 69.8, 1, 0.4
1643, 60.2, 1, 0.4
1644, 47.4, 1, 0.4
1645, 38.2, 1, 0.4
1646, 34.3, 1, 0.4
1647, 22.4, 2, 0.4
1648, 53.4, 1, 0.4
1649, 45.3, 1, 0.4
1650, 39.1, 1, 0.4
1651, 31.1, 1, 0.4
1652, 21.4, 2, 0.4
1653, 71.0, 1, 0.4
1654, 60.9, 1, 0.4
1655, 51.9, 1, 0.4
1656, 43.0, 1, 0.4
1657, 34.2, 1, 0.4
1658, 25.5, 2, 0.4
1659, 59.3, 1, 0.4
1660, 51.0, 1, 0.4
1661, 43.0, 1, 0.4
1662, 35.2, 1, 0.4
1663, 26.7, 2, 0.4
1664, 69.8, 1, 0.4
1665, 61.2, 1, 0.4
1666, 47.6, 1, 0.4
1667, 38.5, 1, 0.4
1668, 34.3, 1, 0.4
1669, 22.5, 2, 0.4
1670, 54.5, 1, 0.4
1671, 46.4, 1, 0.4
1672, 40.1, 1, 0.4
1673, 31.1, 1, 0.4
1674, 21.5, 2, 0.4
1675, 69.3, 1, 0.4
1676, 60.2, 1, 0.4
1677, 51.2, 1, 0.4
1678, 42.3, 1, 0.4
1679, 33.3, 1, 0.4
1680, 24.3, 2, 0.4
1681, 57.8, 1, 0.4
1682, 49.6, 1, 0.4
1683, 41.7, 1, 0.4
1684, 34.1, 1, 0.4
1685, 25.8, 2, 0.4
1686, 70.4, 1, 0.4
1687, 61.5, 1, 0.4
1688, 47.6, 1, 0.4
1689, 37.8, 1, 0.4
1690, 29.6, 2, 0.4
1691, 56.6, 1, 0.4
1692, 47.6, 1, 0.4
1693, 39.1, 1, 0.4
1694, 30.4, 1, 0.4
1695, 21.4, 2, 0.4
1696, 59.1, 1, 0.4
1697, 50.6, 1, 0.4
1698, 41.8, 1, 0.4
1699, 32.4, 1, 0.4
1700, 24.1, 2, 0.4
1701, 57.2, 1, 0.4
1702, 49.4, 1, 0.4
1703, 41.8, 1, 0.4
1704, 34.3, 1, 0.4
1705, 25.0, 2, 0.4
1706, 69.1, 1, 0.4
1707, 60.0, 1, 0.4
1708, 46.3, 1, 0.4
1709, 37.2, 1, 0.4
1710, 29.4, 2, 0.4
1711, 56.6, 1, 0.4
1712, 48.3, 1, 0.4
1713, 39.6, 1, 0.4
1714, 30.9, 1, 0.4
1715, 21.8, 2, 0.4
1716, 60.3, 1, 0.4
1717, 51.2, 1, 0.4
1718, 42.4, 1, 0.4
1719, 33.3, 1, 0.4
1720, 24.2, 2, 0.4
1721, 57.3, 1, 0.4
1722, 48.8, 1, 0.4
1723, 41.0, 1, 0.4
1724, 34.6, 1, 0.4
1725, 26.0, 2, 0.4
1726, 71.8, 1, 0.4
1727, 62.3, 1, 0.4
1728, 49.1, 1, 0.4
1729, 39.4, 1, 0.4
1730, 30.4, 1, 0.4
1731, 21.4, 2, 0.4
1732, 56.0, 1, 0.4
1733, 47.1, 1, 0.4
1734, 38.5, 1, 0.4
1735, 29.9, 2, 0.4
1736, 64.9, 1, 0.4
1737, 56.7, 1, 0.4
1738, 47.5, 1, 0.4
1739, 38.6, 1, 0.4
1740, 29.3, 2, 0.4
1741, 53.7, 1, 0.4
1742, 45.2, 1, 0.4
1743, 37.1, 1, 0.4
1744, 28.3, 2, 0.4
1745, 67.7, 1, 0.4
1746, 59.8, 1, 0.4
1747, 49.7, 1, 0.4
1748, 40.9, 1, 0.4
1749, 31.9, 1, 0.4
1750, 23.5, 2, 0.4
1751, 56.1, 1, 0.4
1752, 47.6, 1, 0.4
1753, 37.2, 1, 0.4
1754, 32.1, 1, 0.4
1755, 25.3, 2, 0.4
1756, 76.1, 1, 0.4
1757, 67.3, 1, 0.4
1758, 57.9, 1, 0.4
1759, 49.0, 1, 0.4
1760, 40.2, 1, 0.4
1761, 31.1, 1, 0.4
1762, 22.2, 2, 0.4
1763, 59.0, 1, 0.4
1764, 50.5, 1, 0.4
1765, 42.6, 1, 0.4
1766, 36.0, 1, 0.4
1767, 27.0, 2, 0.4
1768, 71.5, 1, 0.4
1769, 67.2, 1, 0.4
1770, 57.3, 1, 0.4
1771, 44.0, 1, 0.4
1772, 37.0, 1, 0.4
1773, 30.9, 1, 0.4
1774, 22.6, 2, 0.4
1775, 53.2, 1, 0.4
1776, 45.0, 1, 0.4
1777, 35.7, 1, 0.4
1778, 31.0, 1, 0.4
1779, 22.6, 2, 0.4
1780, 74.6, 1, 0.4
1781, 65.7, 1, 0.4
1782, 56.6, 1, 0.4
1783, 48.0, 1, 0.4
1784, 38.7, 1, 0.4
1785, 29.7, 2, 0.4
1786, 61.7, 1, 0.4
1787, 53.4, 1, 0.4
1788, 45.3, 1, 0.4
1789, 37.5, 1, 0.4
1790, 28.6, 2, 0.4
1791, 63.5, 1, 0.4
1792, 60.3, 1, 0.4
1793, 46.2, 1, 0.4
1794, 39.2, 1, 0.4
1795, 33.2, 1, 0.4
1796, 23.9, 2, 0.4
1797, 54.0, 1, 0.4
1798, 44.8, 1, 0.4
1799, 36.7, 1, 0.4
1800, 33.4, 1, 0.4
1801, 22.7, 2, 0.4
1802, 74.9, 1, 0.4
1803, 65.6, 1, 0.4
1804, 56.7, 1, 0.4
1805, 47.9, 1, 0.4
1806, 39.3, 1, 0.4
1807, 29.5, 2, 0.4
1808, 64.0, 1, 0.4
1809, 55.1, 1, 0.4
1810, 46.8, 1, 0.4
1811, 39.2, 1, 0.4
1812, 31.3, 1, 0.4
1813, 22.9, 2, 0.4
1814, 71.6, 1, 0.4
1815, 62.2, 1, 0.4
1816, 52.6, 1, 0.4
1817, 44.0, 1, 0.4
1818, 35.8, 1, 0.4
1819, 26.4, 2, 0.4
1820, 61.0, 1, 0.4
1821, 52.8, 1, 0.4
1822, 43.8, 1, 0.4
1823, 36.9, 1, 0.4
1824, 30.9, 1, 0.4
1825, 21.5, 2, 0.4
1826, 73.9, 1, 0.4
1827, 64.2, 1, 0.4
1828, 54.8, 1, 0.4
1829, 46.7, 1, 0.4
1830, 37.9, 1, 0.4
1831, 28.1, 2, 0.4
1832, 66.4, 1, 0.4
1833, 57.6, 1, 0.4
1834, 49.1, 1, 0.4
1835, 40.7, 1, 0.4
1836, 33.7, 1, 0.4
1837, 24.2, 2, 0.4
1838, 77.0, 1, 0.4
1839, 68.8, 1, 0.4
1840, 58.4, 1, 0.4
1841, 49.4, 1, 0.4
1842, 41.6, 1, 0.4
1843, 33.2, 1, 0.4
1844, 25.3, 2, 0.4
1845, 37.0, 1, 0.4
1846, 53.6, 1, 0.4
1847, 44.2, 1, 0.4
1848, 35.9, 1, 0.4
1849, 27.9, 2, 0.4
1850, 78.9, 1, 0.4
1851, 69.4, 1, 0.4
1852, 61.2, 1, 0.4
1853, 51.3, 1, 0.4
1854, 43.1, 1, 0.4
1855, 33.8, 1, 0.4
1856, 24.7, 2, 0.4
1857, 56.6, 1, 0.4
1858, 48.1, 1, 0.4
1859, 39.8, 1, 0.4
1860, 32.1, 1, 0.4
1861, 23.4, 2, 0.4
1862, 78.2, 1, 0.4
1863, 71.5, 1, 0.4
1864, 60.2, 1, 0.4
1865, 51.7, 1, 0.4
1866, 45.6, 1, 0.4
1867, 34.2, 1, 0.4
1868, 27.0, 2, 0.4
1869, 38.8, 1, 0.4
1870, 35.2, 1, 0.4
1871, 47.9, 1, 0.4
1872, 38.7, 1, 0.4
1873, 30.4, 1, 0.4
1874, 18.5, 2, 0.4
1875, 82.3, 1, 0.4
1876, 79.8, 1, 0.4
1877, 65.1, 1, 0.4
1878, 56.4, 1, 0.4
1879, 48.1, 1, 0.4
1880, 38.9, 1, 0.4
1881, 29.6, 2, 0.4
1882, 66.9, 1, 0.4
1883, 57.7, 1, 0.4
1884, 49.5, 1, 0.4
1885, 41.3, 1, 0.4
1886, 34.3, 1, 0.4
1887, 24.0, 2, 0.4
1888, 76.9, 1, 0.4
1889, 69.6, 1, 0.4
1890, 58.7, 1, 0.4
1891, 50.1, 1, 0.4
1892, 42.5, 1, 0.4
1893, 33.2, 1, 0.4
1894, 26.2, 2, 0.4
1895, 49.7, 1, 0.4
1896, 54.8, 1, 0.4
1897, 45.5, 1, 0.4
1898, 35.5, 1, 0.4
1899, 27.4, 2, 0.4
1900, 79.7, 1, 0.4
1901, 71.0, 1, 0.4
1902, 62.0, 1, 0.4
1903, 53.1, 1, 0.4
1904, 45.2, 1, 0.4
1905, 35.2, 1, 0.4
1906, 26.3, 2, 0.4
1907, 55.9, 1, 0.4
1908, 47.2, 1, 0.4
1909, 39.0, 1, 0.4
1910, 30.9, 1, 0.4
1911, 22.2, 2, 0.4
1912, 73.8, 1, 0.4
1913, 64.8, 1, 0.4
1914, 55.7, 1, 0.4
1915, 46.9, 1, 0.4
1916, 38.3, 1, 0.4
1917, 29.6, 2, 0.4
1918, 64.0, 1, 0.4
1919, 54.6, 1, 0.4
1920, 47.0, 1, 0.4
1921, 40.4, 1, 0.4
1922, 32.7, 1, 0.4
1923, 22.9, 2, 0.4
1924, 69.5, 1, 0.4
1925, 60.5, 1, 0.4
1926, 51.4, 1, 0.4
1927, 43.2, 1, 0.4
1928, 33.9, 1, 0.4
1929, 24.8, 2, 0.4
1930, 58.9, 1, 0.4
1931, 50.3, 1, 0.4
1932, 42.2, 1, 0.4
1933, 35.6, 1, 0.4
1934, 26.2, 2, 0.4
1935, 73.8, 1, 0.4
1936, 65.4, 1, 0.4
1937, 54.5, 1, 0.4
1938, 47.4, 1, 0.4
1939, 38.2, 1, 0.4
1940, 29.4, 2, 0.4
1941, 58.9, 1, 0.4
1942, 52.4, 1, 0.4
1943, 43.1, 1, 0.4
1944, 34.6, 1, 0.4
1945, 25.1, 2, 0.4
1946, 67.2, 1, 0.4
1947, 58.2, 1, 0.4
1948, 49.9, 1, 0.4
1949, 41.1, 1, 0.4
1950, 32.0, 1, 0.4
1951, 23.1, 2, 0.4
1952, 56.4, 1, 0.4
1953, 47.9, 1, 0.4
1954, 40.2, 1, 0.4
1955, 35.0, 1, 0.4
1956, 23.6, 2, 0.4
1957, 75.3, 1, 0.4
1958, 66.4, 1, 0.4
1959, 56.9, 1, 0.4
1960, 48.0, 1, 0.4
1961, 38.7, 1, 0.4
1962, 30.0, 1, 0.4
1963, 22.2, 2, 0.4
1964, 56.1, 1, 0.4
1965, 47.6, 1, 0.4
1966, 38.4, 1, 0.4
1967, 35.0, 1, 0.4
1968, 24.7, 2, 0.4
1969, 73.4, 1, 0.4
1970, 64.1, 1, 0.4
1971, 55.2, 1, 0.4
1972, 46.4, 1, 0.4
1973, 37.8, 1, 0.4
1974, 28.9, 2, 0.4
1975, 57.2, 1, 0.4
1976, 48.6, 1, 0.4
1977, 41.1, 1, 0.4
1978, 31.8, 1, 0.4
1979, 23.3, 2, 0.4
1980, 66.7, 1, 0.4
1981, 58.1, 1, 0.4
1982, 48.0, 1, 0.4
1983, 40.2, 1, 0.4
1984, 31.3, 1, 0.4
1985, 23.4, 2, 0.4
1986, 58.1, 1, 0.4
1987, 48.7, 1, 0.4
1988, 40.9, 1, 0.4
1989, 35.2, 1, 0.4
1990, 26.8, 2, 0.4
1991, 71.9, 1, 0.4
1992, 63.1, 1, 0.4
1993, 54.1, 1, 0.4
1994, 45.6, 1, 0.4
1995, 36.3, 1, 0.4
1996, 27.3, 2, 0.4
1997, 58.4, 1, 0.4
1998, 50.0, 1, 0.4
1999, 42.1, 1, 0.4
2000, 34.1, 1, 0.4
2001, 26.0, 2, 0.4
2002, 71.1, 1, 0.4
2003, 62.9, 1, 0.4
2004, 51.3, 1, 0.4
2005, 43.7, 1, 0.4
2006, 34.0, 1, 0.4
2007, 25.8, 2, 0.4
2008, 55.4, 1, 0.4
2009, 49.4, 1, 0.4
2010, 41.8, 1, 0.4
2011, 33.6, 1, 0.4
2012, 23.9, 2, 0.4
2013, 69.3, 1, 0.4
2014, 60.3, 1, 0.4
2015, 51.0, 1, 0.4
2016, 42.1, 1, 0.4
2017, 32.8, 1, 0.4
2018, 24.4, 2, 0.4
2019, 56.8, 1, 0.4
2020, 48.4, 1, 0.4
2021, 40.4, 1, 0.4
2022, 32.9, 1, 0.4
2023, 24.6, 2, 0.4
2024, 71.4, 1, 0.4
2025, 61.6, 1, 0.4
2026, 53.7, 1, 0.4
2027, 44.0, 1, 0.4
2028, 35.6, 1, 0.4
2029, 26.3, 2, 0.4
2030, 57.3, 1, 0.4
2031, 50.3, 1, 0.4
2032, 42.1, 1, 0.4
2033, 34.5, 1, 0.4
2034, 25.3, 2, 0.4
2035, 67.1, 1, 0.4
2036, 58.1, 1, 0.4
2037, 48.8, 1, 0.4
2038, 40.8, 1, 0.4
2039, 31.6, 1, 0.4
2040, 22.9, 2, 0.4
2041, 52.8, 1, 0.4
2042, 45.1, 1, 0.4
2043, 37.4, 1, 0.4
2044, 29.3, 2, 0.4
2045, 63.5, 1, 0.4
2046, 54.6, 1, 0.4
2047, 46.9, 1, 0.4
2048, 38.1, 1, 0.4
2049, 30.0, 1, 0.4
2050, 19.3, 2, 0.4
2051, 53.6, 1, 0.4
2052, 43.4, 1, 0.4
2053, 36.3, 1, 0.4
2054, 27.5, 2, 0.4
2055, 68.7, 1, 0.4
2056, 60.3, 1, 0.4
2057, 51.0, 1, 0.4
2058, 42.8, 1, 0.4
2059, 33.4, 1, 0.4
2060, 24.6, 2, 0.4
2061, 55.5, 1, 0.4
2062, 47.4, 1, 0.4
2063, 39.6, 1, 0.4
2064, 31.8, 1, 0.4
2065, 24.0, 2, 0.4
2066, 71.6, 1, 0.4
2067, 63.9, 1, 0.4
2068, 54.0, 1, 0.4
2069, 44.8, 1, 0.4
2070, 34.8, 1, 0.4
2071, 28.0, 2, 0.4
2072, 59.7, 1, 0.4
2073, 51.2, 1, 0.4
2074, 42.5, 1, 0.4
2075, 34.7, 1, 0.4
2076, 24.6, 2, 0.4
2077, 62.0, 1, 0.4
2078, 52.7, 1, 0.4
2079, 44.0, 1, 0.4
2080, 35.0, 1, 0.4
2081, 26.0, 2, 0.4
2082, 52.8, 1, 0.4
2083, 45.1, 1, 0.4
2084, 37.5, 1, 0.4
2085, 28.2, 2, 0.4
2086, 62.6, 1, 0.4
2087, 59.6, 1, 0.4
2088, 45.1, 1, 0.4
2089, 41.3, 1, 0.4
2090, 32.1, 1, 0.4
2091, 23.1, 2, 0.4
2092, 54.3, 1, 0.4
2093, 45.4, 1, 0.4
2094, 36.4, 1, 0.4
2095, 28.3, 2, 0.4
2096, 75.2, 1, 0.4
2097, 66.0, 1, 0.4
2098, 57.3, 1, 0.4
2099, 48.0, 1, 0.4
2100, 39.6, 1, 0.4
2101, 30.0, 1, 0.4
2102, 21.6, 2, 0.4
2103, 55.3, 1, 0.4
2104, 46.9, 1, 0.4
2105, 39.4, 1, 0.4
2106, 29.8, 2, 0.4
2107, 73.3, 1, 0.4
2108, 69.2, 1, 0.4
2109, 61.7, 1, 0.4
2110, 52.9, 1, 0.4
2111, 43.7, 1, 0.4
2112, 34.3, 1, 0.4
2113, 25.8, 2, 0.4
2114, 57.0, 1, 0.4
2115, 47.8, 1, 0.4
2116, 38.1, 1, 0.4
2117, 32.4, 1, 0.4
2118, 26.5, 2, 0.4
2119, 76.0, 1, 0.4
2120, 66.9, 1, 0.4
2121, 57.6, 1, 0.4
2122, 49.3, 1, 0.4
2123, 40.8, 1, 0.4
2124, 31.0, 1, 0.4
2125, 22.0, 2, 0.4
2126, 61.5, 1, 0.4
2127, 52.8, 1, 0.4
2128, 44.4, 1, 0.4
2129, 39.9, 1, 0.4
2130, 27.3, 2, 0.4
2131, 81.3, 1, 0.4
2132, 71.9, 1, 0.4
2133, 64.1, 1, 0.4
2134, 54.2, 1, 0.4
2135, 44.6, 1, 0.4
2136, 36.1, 1, 0.4
2137, 27.8, 2, 0.4
2138, 59.4, 1, 0.4
2139, 51.0, 1, 0.4
2140, 41.1, 1, 0.4
2141, 33.8, 1, 0.4
2142, 29.3, 2, 0.4
2143, 75.9, 1, 0.4
2144, 67.7, 1, 0.4
2145, 58.2, 1, 0.4
2146, 49.5, 1, 0.4
2147, 41.6, 1, 0.4
2148, 31.8, 1, 0.4
2149, 22.7, 2, 0.4
2150, 62.3, 1, 0.4
2151, 53.3, 1, 0.4
2152, 44.5, 1, 0.4
2153, 37.0, 1, 0.4
2154, 27.4, 2, 0.4
2155, 84.5, 1, 0.4
2156, 75.4, 1, 0.4
2157, 69.7, 1, 0.4
2158, 58.3, 1, 0.4
2159, 49.0, 1, 0.4
2160, 40.2, 1, 0.4
2161, 32.7, 1, 0.4
2162, 23.1, 2, 0.4
2163, 46.5, 1, 0.4
2164, 51.6, 1, 0.4
2165, 42.7, 1, 0.4
2166, 33.3, 1, 0.4
2167, 22.6, 2, 0.4
2168, 79.8, 1, 0.4
2169, 71.2, 1, 0.4
2170, 62.4, 1, 0.4
2171, 53.4, 1, 0.4
2172, 43.8, 1, 0.4
2173, 35.0, 1, 0.4
2174, 25.6, 2, 0.4
2175, 57.7, 1, 0.4
2176, 49.5, 1, 0.4
2177, 41.0, 1, 0.4
2178, 33.5, 1, 0.4
2179, 23.5, 2, 0.4
2180, 77.1, 1, 0.4
2181, 68.8, 1, 0.4
2182, 58.3, 1, 0.4
2183, 49.3, 1, 0.4
2184, 40.9, 1, 0.4
2185, 33.6, 1, 0.4
2186, 23.6, 2, 0.4
2187, 49.5, 1, 0.4
2188, 52.3, 1, 0.4
2189, 43.3, 1, 0.4
2190, 35.0, 1, 0.4
2191, 30.6, 1, 0.4
2192, 21.9, 2, 0.4
2193, 74.1, 1, 0.4
2194, 65.3, 1, 0.4
2195, 56.3, 1, 0.4
2196, 47.4, 1, 0.4
2197, 38.8, 1, 0.4
2198, 29.4, 2, 0.4
2199, 62.5, 1, 0.4
2200, 54.2, 1, 0.4
2201, 45.5, 1, 0.4
2202, 37.6, 1, 0.4
2203, 29.2, 2, 0.4
2204, 63.4, 1, 0.4
2205, 60.1, 1, 0.4
2206, 46.5, 1, 0.4
2207, 42.8, 1, 0.4
2208, 32.7, 1, 0.4
2209, 24.2, 2, 0.4
2210, 54.4, 1, 0.4
2211, 45.2, 1, 0.4
2212, 36.7, 1, 0.4
2213, 28.3, 2, 0.4
2214, 74.2, 1, 0.4
2215, 65.4, 1, 0.4
2216, 56.4, 1, 0.4
2217, 47.6, 1, 0.4
2218, 38.1, 1, 0.4
2219, 29.2, 2, 0.4
2220, 57.9, 1, 0.4
2221, 49.5, 1, 0.4
2222, 40.7, 1, 0.4
2223, 33.1, 1, 0.4
2224, 23.8, 2, 0.4
2225, 75.5, 1, 0.4
2226, 68.8, 1, 0.4
2227, 57.7, 1, 0.4
2228, 48.5, 1, 0.4
2229, 40.1, 1, 0.4
2230, 31.2, 1, 0.4
2231, 23.4, 2, 0.4
2232, 37.0, 1, 0.4
2233, 52.6, 1, 0.4
2234, 43.3, 1, 0.4
2235, 35.9, 1, 0.4
2236, 36.2, 1, 0.4
2237, 24.5, 2, 0.4
2238, 76.6, 1, 0.4
2239, 67.7, 1, 0.4
2240, 58.6, 1, 0.4
2241, 49.2, 1, 0.4
2242, 40.6, 1, 0.4
2243, 31.3, 1, 0.4
2244, 22.7, 2, 0.4
2245, 55.8, 1, 0.4
2246, 47.8, 1, 0.4
2247, 39.7, 1, 0.4
2248, 32.6, 1, 0.4
2249, 23.1, 2, 0.4
2250, 74.3, 1, 0.4
2251, 65.8, 1, 0.4
2252, 55.1, 1, 0.4
2253, 46.8, 1, 0.4
2254, 37.5, 1, 0.4
2255, 29.2, 2, 0.4
2256, 59.6, 1, 0.4
2257, 52.5, 1, 0.4
2258, 44.4, 1, 0.4
2259, 35.4, 1, 0.4
2260, 26.4, 2, 0.4
2261, 66.6, 1, 0.4
2262, 57.6, 1, 0.4
2263, 48.9, 1, 0.4
2264, 39.2, 1, 0.4
2265, 30.1, 1, 0.4
2266, 21.9, 2, 0.4
2267, 56.0, 1, 0.4
2268, 47.3, 1, 0.4
2269, 39.5, 1, 0.4
2270, 30.7, 1, 0.4
2271, 22.3, 2, 0.4
2272, 79.0, 1, 0.4
2273, 70.1, 1, 0.4
2274, 60.6, 1, 0.4
2275, 50.8, 1, 0.4
2276, 42.5, 1, 0.4
2277, 35.9, 1, 0.4
2278, 25.2, 2, 0.4
2279, 61.7, 1, 0.4
2280, 53.1, 1, 0.4
2281, 43.1, 1, 0.4
2282, 36.0, 1, 0.4
2283, 30.6, 1, 0.4
2284, 21.3, 2, 0.4
2285, 73.4, 1, 0.4
2286, 64.0, 1, 0.4
2287, 55.2, 1, 0.4
2288, 46.7, 1, 0.4
2289, 37.7, 1, 0.4
2290, 28.4, 2, 0.4
2291, 64.8, 1, 0.4
2292, 56.2, 1, 0.4
2293, 47.5, 1, 0.4
2294, 39.4, 1, 0.4
2295, 32.0, 1, 0.4
2296, 23.8, 2, 0.4
2297, 72.5, 1, 0.4
2298, 64.3, 1, 0.4
2299, 53.7, 1, 0.4
2300, 45.4, 1, 0.4
2301, 37.1, 1, 0.4
2302, 27.8, 2, 0.4
2303, 62.0, 1, 0.4
2304, 52.9, 1, 0.4
2305, 44.7, 1, 0.4
2306, 38.5, 1, 0.4
2307, 30.7, 1, 0.4
2308, 21.8, 2, 0.4
2309, 71.3, 1, 0.4
2310, 61.8, 1, 0.4
2311, 52.7, 1, 0.4
2312, 44.1, 1, 0.4
2313, 34.4, 1, 0.4
2314, 25.9, 2, 0.4
2315, 62.1, 1, 0.4
2316, 53.9, 1, 0.4
2317, 45.3, 1, 0.4
2318, 37.7, 1, 0.4
2319, 30.6, 1, 0.4
2320, 21.8, 2, 0.4
2321, 72.7, 1, 0.4
2322, 64.9, 1, 0.4
2323, 53.9, 1, 0.4
2324, 44.6, 1, 0.4
2325, 36.8, 1, 0.4
2326, 28.4, 2, 0.4
2327, 59.6, 1, 0.4
2328, 53.1, 1, 0.4
2329, 45.3, 1, 0.4
2330, 36.9, 1, 0.4
2331, 27.8, 2, 0.4
2332, 68.6, 1, 0.4
2333, 58.3, 1, 0.4
2334, 49.9, 1, 0.4
2335, 41.6, 1, 0.4
2336, 31.7, 1, 0.4
2337, 23.2, 2, 0.4
2338, 54.9, 1, 0.4
2339, 46.3, 1, 0.4
2340, 38.6, 1, 0.4
2341, 30.5, 1, 0.4
2342, 21.8, 2, 0.4
2343, 75.3, 1, 0.4
2344, 68.3, 1, 0.4
2345, 56.9, 1, 0.4
2346, 47.8, 1, 0.4
2347, 38.9, 1, 0.4
2348, 31.4, 1, 0.4
2349, 21.8, 2, 0.4
2350, 59.8, 1, 0.4
2351, 50.7, 1, 0.4
2352, 42.1, 1, 0.4
2353, 34.2, 1, 0.4
2354, 31.2, 1, 0.4
2355, 20.8, 2, 0.4
2356, 75.5, 1, 0.4
2357, 66.6, 1, 0.4
2358, 57.2, 1, 0.4
2359, 48.6, 1, 0.4
2360, 39.8, 1, 0.4
2361, 30.8, 1, 0.4
2362, 21.9, 2, 0.4
2363, 58.6, 1, 0.4
2364, 50.8, 1, 0.4
2365, 42.3, 1, 0.4
2366, 36.0, 1, 0.4
2367, 28.5, 2, 0.4
2368, 67.7, 1, 0.4
2369, 65.1, 1, 0.4
2370, 56.7, 1, 0.4
2371, 41.8, 1, 0.4
2372, 33.4, 1, 0.4
2373, 25.2, 2, 0.4
2374, 56.1, 1, 0.4
2375, 46.8, 1, 0.4
2376, 38.9, 1, 0.4
2377, 29.7, 2, 0.4
2378, 68.2, 1, 0.4
2379, 58.8, 1, 0.4
2380, 49.7, 1, 0.4
2381, 40.9, 1, 0.4
2382, 31.5, 1, 0.4
2383, 23.1, 2, 0.4
2384, 53.3, 1, 0.4
2385, 44.8, 1, 0.4
2386, 37.0, 1, 0.4
2387, 28.8, 2, 0.4
2388, 75.0, 1, 0.4
2389, 66.5, 1, 0.4
2390, 57.1, 1, 0.4
2391, 47.9, 1, 0.4
2392, 39.8, 1, 0.4
2393, 30.6, 1, 0.4
2394, 22.1, 2, 0.4
2395, 55.1, 1, 0.4
2396, 45.4, 1, 0.4
2397, 37.6, 1, 0.4
2398, 31.4, 1, 0.4
2399, 25.2, 2, 0.4
2400, 77.5, 1, 0.4
2401, 68.2, 1, 0.4
2402, 59.1, 1, 0.4
2403, 50.0, 1, 0.4
2404, 40.9, 1, 0.4
2405, 31.8, 1, 0.4
2406, 22.9, 2, 0.4
2407, 58.1, 1, 0.4
2408, 49.7, 1, 0.4
2409, 41.6, 1, 0.4
2410, 36.7, 1, 0.4
2411, 25.3, 2, 0.4
2412, 75.1, 1, 0.4
2413, 65.9, 1, 0.4
2414, 53.7, 1, 0.4
2415, 48.2, 1, 0.4
2416, 38.8, 1, 0.4
2417, 29.9, 2, 0.4
2418, 59.1, 1, 0.4
2419, 50.7, 1, 0.4
2420, 42.2, 1, 0.4
2421, 34.0, 1, 0.4
2422, 23.9, 2, 0.4
2423, 67.8, 1, 0.4
2424, 58.5, 1, 0.4
2425, 49.1, 1, 0.4
2426, 40.1, 1, 0.4
2427, 31.2, 1, 0.4
2428, 22.4, 2, 0.4
2429, 59.6, 1, 0.4
2430, 51.1, 1, 0.4
2431, 42.7, 1, 0.4
2432, 38.6, 1, 0.4
2433, 25.9, 2, 0.4
2434, 79.0, 1, 0.4
2435, 70.4, 1, 0.4
2436, 63.1, 1, 0.4
2437, 52.4, 1, 0.4
2438, 43.8, 1, 0.4
2439, 35.7, 1, 0.4
2440, 26.4, 2, 0.4
2441, 61.6, 1, 0.4
2442, 52.2, 1, 0.4
2443, 43.0, 1, 0.4
2444, 33.7, 1, 0.4
2445, 24.1, 2, 0.4
2446, 77.6, 1, 0.4
2447, 74.5, 1, 0.4
2448, 60.2, 1, 0.4
2449, 51.0, 1, 0.4
2450, 41.2, 1, 0.4
2451, 32.6, 1, 0.4
2452, 23.3, 2, 0.4
2453, 62.5, 1, 0.4
2454, 53.7, 1, 0.4
2455, 44.9, 1, 0.4
2456, 36.4, 1, 0.4
2457, 28.1, 2, 0.4
2458, 84.8, 1, 0.4
2459, 76.4, 1, 0.4
2460, 68.8, 1, 0.4
2461, 58.7, 1, 0.4
2462, 49.7, 1, 0.4
2463, 41.9, 1, 0.4
2464, 33.0, 1, 0.4
2465, 26.5, 2, 0.4
2466, 35.3, 1, 0.4
2467, 29.6, 2, 0.4
2468, 101.1, 1, 0.4
2469, 93.3, 1, 0.4
2470, 61.8, 1, 0.4
2471, 73.9, 1, 0.4
2472, 44.7, 1, 0.4
2473, 35.2, 1, 0.4
2474, 27.0, 2, 0.4
2475, 45.5, 1, 0.4
2476, 37.4, 1, 0.4
2477, 27.3, 2, 0.4
2478, 88.9, 1, 0.4
2479, 80.4, 1, 0.4
2480, 72.2, 1, 0.4
2481, 63.5, 1, 0.4
2482, 55.8, 1, 0.4
2483, 66.9, 1, 0.4
2484, 38.5, 1, 0.4
2485, 32.7, 1, 0.4
2486, 32.1, 1, 0.4
2487, 51.8, 1, 0.4
2488, 5.3, 2, 0.4
2489, 18.3, 2, 0.4
2490, 36.4, 1, 0.4
2491, 32.6, 1, 0.4
2492, 25.7, 2, 0.4
2493, 85.0, 1, 0.4
2494, 75.7, 1, 0.4
2495, 66.3, 1, 0.4
2496, 58.1, 1, 0.4
2497, 48.3, 1, 0.4
2498, 41.7, 1, 0.4
2499, 30.6, 1, 0.4
2500, 21.5, 2, 0.4
2501, 34.3, 1, 0.4
2502, 24.5, 2, 0.4
2503, 83.0, 1, 0.4
2504, 74.7, 1, 0.4
2505, 62.3, 1, 0.4
2506, 57.2, 1, 0.4
2507, 45.4, 1, 0.4
2508, 36.6, 1, 0.4
2509, 33.8, 1, 0.4
2510, 19.4, 2, 0.4
2511, 30.0, 1, 0.4
2512, 31.8, 1, 0.4
2513, 20.3, 2, 0.4
2514, 108.9, 1, 0.4
2515, 98.2, 1, 0.4
2516, 92.9, 1, 0.4
2517, 64.2, 1, 0.4
2518, 61.3, 1, 0.4
2519, 46.7, 1, 0.4
2520, 38.3, 1, 0.4
2521, 29.2, 2, 0.4
2522, 46.4, 1, 0.4
2523, 37.9, 1, 0.4
2524, 29.3, 2, 0.4
2525, 85.3, 1, 0.4
2526, 76.6, 1, 0.4
2527, 67.9, 1, 0.4
2528, 60.4, 1, 0.4
2529, 52.6, 1, 0.4
2530, 39.8, 1, 0.4
2531, 32.5, 1, 0.4
2532, 25.5, 2, 0.4
2533, 36.3, 1, 0.4
2534, 26.5, 2, 0.4
2535, 81.4, 1, 0.4
2536, 103.7, 1, 0.4
2537, 94.4, 1, 0.4
2538, 84.2, 1, 0.4
2539, 75.1, 1, 0.4
2540, 64.6, 1, 0.4
2541, 55.8, 1, 0.4
2542, 51.1, 1, 0.4
2543, 20.7, 2, 0.4
2544, 44.4, 1, 0.4
2545, 36.7, 1, 0.4
2546, 31.2, 1, 0.4
2547, 23.8, 2, 0.4
2548, 97.4, 1, 0.4
2549, 92.1, 1, 0.4
2550, 100.9, 1, 0.4
2551, 74.5, 1, 0.4
2552, 88.6, 1, 0.4
2553, 0.8, 2, 0.4
2554, 58.5, 1, 0.4
2555, 55.7, 1, 0.4
2556, 43.3, 1, 0.4
2557, 46.0, 1, 0.4
2558, 33.8, 1, 0.4
2559, 25.3, 2, 0.4
2560, 60.1, 1, 0.4
2561, 52.4, 1, 0.4
2562, 47.1, 1, 0.4
2563, 128.8, 1, 0.4
2564, 66.6, 1, 0.4
2565, 56.5, 1, 0.4
2566, 48.1, 1, 0.4
2567, 39.6, 1, 0.4
2568, 182.0, 1, 0.4
2569, 155.4, 1, 0.4
2570, 61.4, 1, 0.4
2571, 59.3, 1, 0.4
2572, 64.5, 1, 0.4
2573, 175.2, 1, 0.4
2574, 62.3, 1, 0.4
2575, 30.9, 1, 0.4
2576, 29.0, 2, 0.4
2577, 3.4, 2, 0.4
2578, 75.4, 1, 0.4
2579, 65.6, 1, 0.4
2580, 56.3, 1, 0.4
2581, 48.3, 1, 0.4
2582, 40.7, 1, 0.4
2583, 37.3, 1, 0.4
2584, 41.5, 1, 0.4
2585, 6.8, 2, 0.4
2586, 40.5, 1, 0.4
2587, 30.4, 1, 0.4
2588, 21.9, 2, 0.4
2589, 88.5, 1, 0.4
2590, 81.1, 1, 0.4
2591, 67.1, 1, 0.4
2592, 57.4, 1, 0.4
2593, 52.9, 1, 0.4
2594, 38.5, 1, 0.4
2595, 31.9, 1, 0.4
2596, 29.8, 2, 0.4
2597, 49.1, 1, 0.4
2598, 40.5, 1, 0.4
2599, 33.2, 1, 0.4
2600, 24.3, 2, 0.4
2601, 56.3, 1, 0.4
2602, 47.9, 1, 0.4
2603, 39.4, 1, 0.4
2604, 31.0, 1, 0.4
2605, 23.6, 2, 0.4
2606, 47.4, 1, 0.4
2607, 41.1, 1, 0.4
2608, 31.1, 1, 0.4
2609, 23.3, 2, 0.4
2610, 62.4, 1, 0.4
2611, 52.1, 1, 0.4
2612, 43.9, 1, 0.4
2613, 34.0, 1, 0.4
2614, 24.6, 2, 0.4
2615, 53.6, 1, 0.4
2616, 45.0, 1, 0.4
2617, 36.8, 1, 0.4
2618, 27.2, 2, 0.4
2619, 59.0, 1, 0.4
2620, 49.2, 1, 0.4
2621, 41.6, 1, 0.4
2622, 31.9, 1, 0.4
2623, 22.9, 2, 0.4
2624, 50.0, 1, 0.4
2625, 41.5, 1, 0.4
2626, 35.8, 1, 0.4
2627, 25.7, 2, 0.4
2628, 73.0, 1, 0.4
2629, 63.6, 1, 0.4
2630, 51.0, 1, 0.4
2631, 41.6, 1, 0.4
2632, 38.0, 1, 0.4
2633, 25.6, 2, 0.4
2634, 56.4, 1, 0.4
2635, 49.4, 1, 0.4
2636, 40.5, 1, 0.4
2637, 31.5, 1, 0.4
2638, 22.1, 2, 0.4
2639, 68.5, 1, 0.4
2640, 58.6, 1, 0.4
2641, 49.5, 1, 0.4
2642, 39.9, 1, 0.4
2643, 31.4, 1, 0.4
2644, 22.3, 2, 0.4
2645, 58.3, 1, 0.4
2646, 49.8, 1, 0.4
2647, 41.5, 1, 0.4
2648, 34.7, 1, 0.4
2649, 24.6, 2, 0.4
2650, 76.0, 1, 0.4
2651, 66.5, 1, 0.4
2652, 54.9, 1, 0.4
2653, 47.1, 1, 0.4
2654, 39.7, 1, 0.4
2655, 31.3, 1, 0.4
2656, 23.3, 2, 0.4
2657, 54.5, 1, 0.4
2658, 49.9, 1, 0.4
2659, 40.4, 1, 0.4
2660, 32.6, 1, 0.4
2661, 22.7, 2, 0.4
2662, 71.2, 1, 0.4
2663, 61.2, 1, 0.4
2664, 51.6, 1, 0.4
2665, 43.0, 1, 0.4
2666, 33.7, 1, 0.4
2667, 25.3, 2, 0.4
2668, 55.8, 1, 0.4
2669, 47.9, 1, 0.4
2670, 39.7, 1, 0.4
2671, 31.3, 1, 0.4
2672, 22.5, 2, 0.4
2673, 67.5, 1, 0.4
2674, 59.1, 1, 0.4
2675, 49.5, 1, 0.4
2676, 41.4, 1, 0.4
2677, 32.3, 1, 0.4
2678, 23.1, 2, 0.4
2679, 55.7, 1, 0.4
2680, 50.5, 1, 0.4
2681, 42.4, 1, 0.4
2682, 33.6, 1, 0.4
2683, 24.7, 2, 0.4
2684, 68.7, 1, 0.4
2685, 59.5, 1, 0.4
2686, 50.3, 1, 0.4
2687, 42.2, 1, 0.4
2688, 32.3, 1, 0.4
2689, 23.6, 2, 0.4
2690, 52.3, 1, 0.4
2691, 44.4, 1, 0.4
2692, 37.3, 1, 0.4
2693, 28.7, 2, 0.4
2694, 65.0, 1, 0.4
2695, 55.2, 1, 0.4
2696, 47.5, 1, 0.4
2697, 38.0, 1, 0.4
2698, 29.8, 2, 0.4
2699, 54.8, 1, 0.4
2700, 46.1, 1, 0.4
2701, 37.5, 1, 0.4
2702, 28.4, 2, 0.4
2703, 61.5, 1, 0.4
2704, 52.6, 1, 0.4
2705, 43.6, 1, 0.4
2706, 34.4, 1, 0.4
2707, 25.0, 2, 0.4
2708, 55.9, 1, 0.4
2709, 47.6, 1, 0.4
2710, 39.3, 1, 0.4
2711, 32.4, 1, 0.4
2712, 22.7, 2, 0.4
2713, 76.6, 1, 0.4
2714, 70.5, 1, 0.4
2715, 57.6, 1, 0.4
2716, 48.8, 1, 0.4
2717, 40.6, 1, 0.4
2718, 31.1, 1, 0.4
2719, 23.1, 2, 0.4
2720, 48.2, 1, 0.4
2721, 0.5, 2, 0.4
2722, 85.2, 1, 0.4
2723, 67.9, 1, 0.4
2724, 59.1, 1, 0.4
2725, 49.4, 1, 0.4
2726, 43.7, 1, 0.4
2727, 31.8, 1, 0.4
2728, 22.7, 2, 0.4
2729, 36.8, 1, 0.4
2730, 28.5, 2, 0.4
2731, 76.7, 1, 0.4
2732, 75.1, 1, 0.4
2733, 59.7, 1, 0.4
2734, 50.4, 1, 0.4
2735, 42.6, 1, 0.4
2736, 33.8, 1, 0.4
2737, 27.4, 2, 0.4
2738, 36.5, 1, 0.4
2739, 31.7, 1, 0.4
2740, 46.6, 1, 0.4
2741, 36.9, 1, 0.4
2742, 28.0, 2, 0.4
2743, 81.4, 1, 0.4
2744, 72.9, 1, 0.4
2745, 64.0, 1, 0.4
2746, 54.6, 1, 0.4
2747, 46.2, 1, 0.4
2748, 36.8, 1, 0.4
2749, 27.0, 2, 0.4
2750, 57.6, 1, 0.4
2751, 49.1, 1, 0.4
2752, 40.2, 1, 0.4
2753, 32.7, 1, 0.4
2754, 23.4, 2, 0.4
2755, 75.8, 1, 0.4
2756, 68.7, 1, 0.4
2757, 56.7, 1, 0.4
2758, 48.4, 1, 0.4
2759, 41.3, 1, 0.4
2760, 31.1, 1, 0.4
2761, 24.2, 2, 0.4
2762, 36.5, 1, 0.4
2763, 53.4, 1, 0.4
2764, 44.4, 1, 0.4
2765, 36.2, 1, 0.4
2766, 31.2, 1, 0.4
2767, 24.3, 2, 0.4
2768, 78.2, 1, 0.4
2769, 69.8, 1, 0.4
2770, 59.7, 1, 0.4
2771, 50.8, 1, 0.4
2772, 41.9, 1, 0.4
2773, 32.5, 1, 0.4
2774, 24.1, 2, 0.4
2775, 58.2, 1, 0.4
2776, 50.1, 1, 0.4
2777, 41.4, 1, 0.4
2778, 34.0, 1, 0.4
2779, 26.3, 2, 0.4
2780, 72.0, 1, 0.4
2781, 63.2, 1, 0.4
2782, 50.3, 1, 0.4
2783, 40.2, 1, 0.4
2784, 32.1, 1, 0.4
2785, 23.2, 2, 0.4
2786, 56.2, 1, 0.4
2787, 48.1, 1, 0.4
2788, 39.1, 1, 0.4
2789, 29.9, 2, 0.4
2790, 67.5, 1, 0.4
2791, 57.9, 1, 0.4
2792, 48.9, 1, 0.4
2793, 40.3, 1, 0.4
2794, 30.5, 1, 0.4
2795, 22.1, 2, 0.4
2796, 52.0, 1, 0.4
2797, 43.9, 1, 0.4
2798, 36.2, 1, 0.4
2799, 26.9, 2, 0.4
2800, 74.5, 1, 0.4
2801, 66.4, 1, 0.4
2802, 57.6, 1, 0.4
2803, 44.0, 1, 0.4
2804, 36.4, 1, 0.4
2805, 30.6, 1, 0.4
2806, 21.1, 2, 0.4
2807, 52.9, 1, 0.4
2808, 44.4, 1, 0.4
2809, 35.4, 1, 0.4
2810, 32.1, 1, 0.4
2811, 23.4, 2, 0.4
2812, 78.9, 1, 0.4
2813, 69.7, 1, 0.4
2814, 59.9, 1, 0.4
2815, 51.5, 1, 0.4
2816, 42.7, 1, 0.4
2817, 33.3, 1, 0.4
2818, 24.3, 2, 0.4
2819, 63.8, 1, 0.4
2820, 55.4, 1, 0.4
2821, 46.8, 1, 0.4
2822, 39.0, 1, 0.4
2823, 31.8, 1, 0.4
2824, 22.6, 2, 0.4
2825, 76.8, 1, 0.4
2826, 69.4, 1, 0.4
2827, 58.6, 1, 0.4
2828, 49.5, 1, 0.4
2829, 41.1, 1, 0.4
2830, 35.9, 1, 0.4
2831, 23.3, 2, 0.4
2832, 65.9, 1, 0.4
2833, 51.9, 1, 0.4
2834, 42.7, 1, 0.4
2835, 34.8, 1, 0.4
2836, 30.1, 1, 0.4
2837, 20.9, 2, 0.4
2838, 75.3, 1, 0.4
2839, 66.4, 1, 0.4
2840, 56.7, 1, 0.4
2841, 47.9, 1, 0.4
2842, 38.9, 1, 0.4
2843, 29.8, 2, 0.4
2844, 63.5, 1, 0.4
2845, 54.9, 1, 0.4
2846, 46.5, 1, 0.4
2847, 38.5, 1, 0.4
2848, 30.0, 1, 0.4
2849, 21.8, 2, 0.4
2850, 69.6, 1, 0.4
2851, 59.2, 1, 0.4
2852, 49.9, 1, 0.4
2853, 40.0, 1, 0.4
2854, 32.3, 1, 0.4
2855, 24.1, 2, 0.4
2856, 60.8, 1, 0.4
2857, 51.0, 1, 0.4
2858, 41.3, 1, 0.4
2859, 37.7, 1, 0.4
2860, 28.5, 2, 0.4
2861, 73.8, 1, 0.4
2862, 64.4, 1, 0.4
2863, 55.6, 1, 0.4
2864, 47.2, 1, 0.4
2865, 38.0, 1, 0.4
2866, 28.6, 2, 0.4
2867, 58.2, 1, 0.4
2868, 49.9, 1, 0.4
2869, 41.0, 1, 0.4
2870, 35.2, 1, 0.4
2871, 24.8, 2, 0.4
2872, 73.7, 1, 0.4
2873, 66.9, 1, 0.4
2874, 53.9, 1, 0.4
2875, 45.2, 1, 0.4
2876, 37.1, 1, 0.4
2877, 28.3, 2, 0.4
2878, 62.6, 1, 0.4
2879, 54.0, 1, 0.4
2880, 45.4, 1, 0.4
2881, 38.1, 1, 0.4
2882, 31.0, 1, 0.4
2883, 21.9, 2, 0.4
2884, 73.4, 1, 0.4
2885, 63.8, 1, 0.4
2886, 55.0, 1, 0.4
2887, 46.7, 1, 0.4
2888, 37.2, 1, 0.4
2889, 27.8, 2, 0.4
2890, 66.0, 1, 0.4
2891, 57.6, 1, 0.4
2892, 48.7, 1, 0.4
2893, 40.8, 1, 0.4
2894, 31.1, 1, 0.4
2895, 22.7, 2, 0.4
2896, 80.4, 1, 0.4
2897, 73.2, 1, 0.4
2898, 61.9, 1, 0.4
2899, 53.3, 1, 0.4
2900, 48.7, 1, 0.4
2901, 35.7, 1, 0.4
2902, 28.7, 2, 0.4
2903, 46.0, 1, 0.4
2904, 58.3, 1, 0.4
2905, 48.6, 1, 0.4
2906, 38.2, 1, 0.4
2907, 29.5, 2, 0.4
2908, 78.4, 1, 0.4
2909, 69.7, 1, 0.4
2910, 59.7, 1, 0.4
2911, 52.0, 1, 0.4
2912, 42.4, 1, 0.4
2913, 32.9, 1, 0.4
2914, 24.0, 2, 0.4
2915, 54.8, 1, 0.4
2916, 46.2, 1, 0.4
2917, 38.3, 1, 0.4
2918, 29.5, 2, 0.4
2919, 79.0, 1, 0.4
2920, 69.6, 1, 0.4
2921, 63.4, 1, 0.4
2922, 51.7, 1, 0.4
2923, 42.9, 1, 0.4
2924, 34.7, 1, 0.4
2925, 25.8, 2, 0.4
2926, 48.3, 1, 0.4
2927, 51.3, 1, 0.4
2928, 41.1, 1, 0.4
2929, 32.6, 1, 0.4
2930, 21.5, 2, 0.4
2931, 81.1, 1, 0.4
2932, 76.6, 1, 0.4
2933, 63.6, 1, 0.4
2934, 54.1, 1, 0.4
2935, 46.6, 1, 0.4
2936, 37.1, 1, 0.4
2937, 27.9, 2, 0.4
2938, 66.7, 1, 0.4
2939, 57.8, 1, 0.4
2940, 49.0, 1, 0.4
2941, 40.6, 1, 0.4
2942, 32.1, 1, 0.4
2943, 22.9, 2, 0.4
2944, 88.4, 1, 0.4
2945, 76.5, 1, 0.4
2946, 66.6, 1, 0.4
2947, 58.3, 1, 0.4
2948, 54.8, 1, 0.4
2949, 40.5, 1, 0.4
2950, 32.4, 1, 0.4
2951, 23.1, 2, 0.4
2952, 39.4, 1, 0.4
2953, 31.1, 1, 0.4
2954, 24.7, 2, 0.4
2955, 102.7, 1, 0.4
2956, 74.1, 1, 0.4
2957, 64.2, 1, 0.4
2958, 55.8, 1, 0.4
2959, 47.4, 1, 0.4
2960, 38.0, 1, 0.4
2961, 29.4, 2, 0.4
2962, 44.1, 1, 0.4
2963, 35.9, 1, 0.4
2964, 26.5, 2, 0.4
2965, 81.8, 1, 0.4
2966, 70.8, 1, 0.4
2967, 64.7, 1, 0.4
2968, 56.5, 1, 0.4
2969, 46.5, 1, 0.4
2970, 37.3, 1, 0.4
2971, 30.1, 1, 0.4
2972, 20.2, 2, 0.4
2973, 32.6, 1, 0.4
2974, 25.1, 2, 0.4
2975, 109.4, 1, 0.4
2976, 102.4, 1, 0.4
2977, 96.4, 1, 0.4
2978, 86.3, 1, 0.4
2979, 75.9, 1, 0.4
2980, 72.2, 1, 0.4
2981, 41.8, 1, 0.4
2982, 31.8, 1, 0.4
2983, 22.1, 2, 0.4
2984, 44.8, 1, 0.4
2985, 36.6, 1, 0.4
2986, 28.1, 2, 0.4
2987, 95.7, 1, 0.4
2988, 87.6, 1, 0.4
2989, 83.0, 1, 0.4
2990, 72.9, 1, 0.4
2991, 63.6, 1, 0.4
2992, 71.7, 1, 0.4
2993, 66.7, 1, 0.4
2994, 4.3, 2, 0.4
2995, 42.0, 1, 0.4
2996, 33.9, 1, 0.4
2997, 27.5, 2, 0.4
2998, 76.0, 1, 0.4
2999, 67.6, 1, 0.4
3000, 58.9, 1, 0.4
3001, 50.8, 1, 0.4
3002, 43.0, 1, 0.4
3003, 38.5, 1, 0.4
3004, 27.3, 2, 0.4
3005, 51.2, 1, 0.4
3006, 43.2, 1, 0.4
3007, 35.3, 1, 0.4
3008, 26.8, 2, 0.4
3009, 47.9, 1, 0.4
3010, 39.2, 1, 0.4
3011, 30.5, 1, 0.4
3012, 22.3, 2, 0.4
3013, 59.0, 1, 0.4
3014, 50.1, 1, 0.4
3015, 44.6, 1, 0.4
3016, 36.6, 1, 0.4
3017, 24.2, 2, 0.4
3018, 56.8, 1, 0.4
3019, 49.4, 1, 0.4
3020, 40.4, 1, 0.4
3021, 31.9, 1, 0.4
3022, 21.9, 2, 0.4
3023, 67.0, 1, 0.4
3024, 57.9, 1, 0.4
3025, 49.0, 1, 0.4
3026, 39.9, 1, 0.4
3027, 30.9, 1, 0.4
3028, 21.7, 2, 0.4
3029, 57.6, 1, 0.4
3030, 49.5, 1, 0.4
3031, 41.4, 1, 0.4
3032, 36.7, 1, 0.4
3033, 24.9, 2, 0.4
3034, 76.4, 1, 0.4
3035, 69.8, 1, 0.4
3036, 58.3, 1, 0.4
3037, 49.6, 1, 0.4
3038, 41.5, 1, 0.4
3039, 32.4, 1, 0.4
3040, 23.7, 2, 0.4
3041, 56.7, 1, 0.4
3042, 47.9, 1, 0.4
3043, 38.4, 1, 0.4
3044, 33.7, 1, 0.4
3045, 25.4, 2, 0.4
3046, 73.9, 1, 0.4
3047, 64.6, 1, 0.4
3048, 55.7, 1, 0.4
3049, 46.7, 1, 0.4
3050, 37.9, 1, 0.4
3051, 29.1, 2, 0.4
3052, 59.1, 1, 0.4
3053, 51.1, 1, 0.4
3054, 42.9, 1, 0.4
3055, 34.6, 1, 0.4
3056, 25.8, 2, 0.4
3057, 69.3, 1, 0.4
3058, 59.5, 1, 0.4
3059, 50.5, 1, 0.4
3060, 42.8, 1, 0.4
3061, 33.7, 1, 0.4
3062, 25.0, 2, 0.4
3063, 57.1, 1, 0.4
3064, 47.6, 1, 0.4
3065, 40.0, 1, 0.4
3066, 34.1, 1, 0.4
3067, 26.0, 2, 0.4
3068, 71.9, 1, 0.4
3069, 62.8, 1, 0.4
3070, 53.9, 1, 0.4
3071, 45.2, 1, 0.4
3072, 36.3, 1, 0.4
3073, 27.3, 2, 0.4
3074, 58.3, 1, 0.4
3075, 50.1, 1, 0.4
3076, 41.9, 1, 0.4
3077, 35.7, 1, 0.4
3078, 29.9, 2, 0.4
3079, 72.5, 1, 0.4
3080, 63.3, 1, 0.4
3081, 54.0, 1, 0.4
3082, 44.8, 1, 0.4
3083, 36.4, 1, 0.4
3084, 27.9, 2, 0.4
3085, 59.8, 1, 0.4
3086, 50.1, 1, 0.4
3087, 41.0, 1, 0.4
3088, 35.1, 1, 0.4
3089, 28.2, 2, 0.4
3090, 72.8, 1, 0.4
3091, 64.7, 1, 0.4
3092, 55.1, 1, 0.4
3093, 47.1, 1, 0.4
3094, 37.2, 1, 0.4
3095, 28.3, 2, 0.4
3096, 61.4, 1, 0.4
3097, 52.9, 1, 0.4
3098, 44.4, 1, 0.4
3099, 36.5, 1, 0.4
3100, 28.1, 2, 0.4
3101, 68.6, 1, 0.4
3102, 64.6, 1, 0.4
3103, 55.2, 1, 0.4
3104, 45.6, 1, 0.4
3105, 37.7, 1, 0.4
3106, 28.4, 2, 0.4
3107, 56.2, 1, 0.4
3108, 48.7, 1, 0.4
3109, 41.0, 1, 0.4
3110, 33.5, 1, 0.4
3111, 24.4, 2, 0.4
3112, 70.5, 1, 0.4
3113, 61.7, 1, 0.4
3114, 52.5, 1, 0.4
3115, 43.4, 1, 0.4
3116, 34.6, 1, 0.4
3117, 25.6, 2, 0.4
3118, 61.1, 1, 0.4
3119, 52.8, 1, 0.4
3120, 44.4, 1, 0.4
3121, 37.4, 1, 0.4
3122, 27.2, 2, 0.4
3123, 77.8, 1, 0.4
3124, 69.0, 1, 0.4
3125, 60.7, 1, 0.4
3126, 51.2, 1, 0.4
3127, 42.4, 1, 0.4
3128, 34.0, 1, 0.4
3129, 25.1, 2, 0.4
3130, 59.9, 1, 0.4
3131, 50.7, 1, 0.4
3132, 41.9, 1, 0.4
3133, 32.9, 1, 0.4
3134, 22.1, 2, 0.4
3135, 78.3, 1, 0.4
3136, 71.1, 1, 0.4
3137, 59.6, 1, 0.4
3138, 51.3, 1, 0.4
3139, 42.3, 1, 0.4
3140, 32.5, 1, 0.4
